;0
0;A
1;AA
2;AAC
3;AACG
4;AACIU
5;AADI
6;AAIC
7;AAIC^B
8;AAIC^C
9;AAIN
10;AAL
11;AAMC
12;AAME
13;AAN
14;AAOI
15;AAON
16;AAP
17;AAPL
18;AAQC
19;AAT
20;AATC
21;AAU
22;AAWW
23;AB
24;ABB
25;ABBV
26;ABC
27;ABCB
28;ABCL
29;ABCM
30;ABEO
31;ABEV
32;ABG
33;ABGI
34;ABIO
35;ABM
36;ABMD
37;ABNB
38;ABOS
39;ABR
40;ABR^D
41;ABR^E
42;ABR^F
43;ABSI
44;ABST
45;ABT
46;ABTX
47;ABUS
48;ABVC
49;AC
50;ACA
51;ACAD
52;ACAH
53;ACAHU
54;ACAHW
55;ACB
56;ACBA
57;ACBAU
58;ACBAW
59;ACBI
60;ACC
61;ACCD
62;ACCO
63;ACEL
64;ACER
65;ACET
66;ACEV
67;ACEVU
68;ACEVW
69;ACGL
70;ACGLN
71;ACGLO
72;ACH
73;ACHC
74;ACHL
75;ACHR
76;ACHV
77;ACI
78;ACII
79;ACIU
80;ACIW
81;ACKIT
82;ACKIU
83;ACKIW
84;ACLS
85;ACM
86;ACMR
87;ACN
88;ACNB
89;ACOR
90;ACP
91;ACP^A
92;ACQR
93;ACQRU
94;ACQRW
95;ACR
96;ACR^C
97;ACR^D
98;ACRE
99;ACRO
100;ACRS
101;ACRX
102;ACST
103;ACT
104;ACTD
105;ACTDU
106;ACTDW
107;ACTG
108;ACU
109;ACV
110;ACVA
111;ACXP
112;ACY
113;ADAG
114;ADALU
115;ADAP
116;ADBE
117;ADC
118;ADC^A
119;ADCT
120;ADER
121;ADERU
122;ADERW
123;ADES
124;ADEX
125;ADF
126;ADGI
127;ADI
128;ADIL
129;ADILW
130;ADM
131;ADMA
132;ADMP
133;ADMS
134;ADN
135;ADNT
136;ADNWW
137;ADOC
138;ADOCR
139;ADOCW
140;ADP
141;ADPT
142;ADRA
143;ADS
144;ADSK
145;ADT
146;ADTN
147;ADTX
148;ADUS
149;ADV
150;ADVM
151;ADVWW
152;ADX
153;ADXN
154;ADXS
155;AE
156;AEAC
157;AEACU
158;AEACW
159;AEAEU
160;AEE
161;AEF
162;AEFC
163;AEG
164;AEHAU
165;AEHL
166;AEHR
167;AEI
168;AEIS
169;AEL
170;AEL^A
171;AEL^B
172;AEM
173;AEMD
174;AENZ
175;AEO
176;AEP
177;AEPPL
178;AEPPZ
179;AER
180;AERI
181;AES
182;AESC
183;AESE
184;AEVA
185;AEY
186;AEYE
187;AEZS
188;AFAQ
189;AFAQU
190;AFAQW
191;AFB
192;AFBI
193;AFCG
194;AFG
195;AFGB
196;AFGC
197;AFGD
198;AFGE
199;AFI
200;AFIB
201;AFIN
202;AFINO
203;AFINP
204;AFL
205;AFMD
206;AFRM
207;AFT
208;AFTR
209;AFYA
210;AG
211;AGAC
212;AGBA
213;AGBAR
214;AGBAW
215;AGC
216;AGCB
217;AGCO
218;AGCUU
219;AGCWW
220;AGD
221;AGE
222;AGEN
223;AGFS
224;AGFY
225;AGGR
226;AGGRU
227;AGGRW
228;AGI
229;AGIL
230;AGILW
231;AGIO
232;AGL
233;AGLE
234;AGM
235;AGM^C
236;AGM^D
237;AGM^E
238;AGM^F
239;AGM^G
240;AGMH
241;AGNC
242;AGNCM
243;AGNCN
244;AGNCO
245;AGNCP
246;AGO
247;AGR
248;AGRI
249;AGRIW
250;AGRO
251;AGRX
252;AGS
253;AGTC
254;AGTI
255;AGX
256;AGYS
257;AHCO
258;AHH
259;AHH^A
260;AHL^C
261;AHL^D
262;AHL^E
263;AHPA
264;AHPAU
265;AHPAW
266;AHPI
267;AHT
268;AHT^D
269;AHT^F
270;AHT^G
271;AHT^H
272;AHT^I
273;AI
274;AIC
275;AIF
276;AIG
277;AIG^A
278;AIH
279;AIHS
280;AIKI
281;AIM
282;AIMC
283;AIN
284;AINC
285;AINV
286;AIO
287;AIP
288;AIR
289;AIRC
290;AIRG
291;AIRI
292;AIRS
293;AIRT
294;AIRTP
295;AIT
296;AIV
297;AIZ
298;AIZN
299;AJG
300;AJRD
301;AJX
302;AJXA
303;AKA
304;AKAM
305;AKBA
306;AKIC
307;AKICU
308;AKICW
309;AKO/A
310;AKO/B
311;AKR
312;AKRO
313;AKTS
314;AKTX
315;AKU
316;AKUS
317;AKYA
318;AL
319;AL^A
320;ALAC
321;ALACR
322;ALACU
323;ALACW
324;ALB
325;ALBO
326;ALC
327;ALCC
328;ALCO
329;ALDX
330;ALE
331;ALEC
332;ALEX
333;ALF
334;ALFIW
335;ALG
336;ALGM
337;ALGN
338;ALGS
339;ALGT
340;ALHC
341;ALIM
342;ALIN^A
343;ALIN^B
344;ALIN^E
345;ALIT
346;ALJJ
347;ALK
348;ALKS
349;ALKT
350;ALL
351;ALL^B
352;ALL^G
353;ALL^H
354;ALL^I
355;ALLE
356;ALLK
357;ALLO
358;ALLT
359;ALLY
360;ALNA
361;ALNY
362;ALOT
363;ALP^Q
364;ALPA
365;ALPAU
366;ALPAW
367;ALPN
368;ALPP
369;ALRM
370;ALRN
371;ALRS
372;ALSN
373;ALT
374;ALTG
375;ALTG^A
376;ALTM
377;ALTO
378;ALTR
379;ALTU
380;ALTUU
381;ALTUW
382;ALV
383;ALVR
384;ALX
385;ALXO
386;ALYA
387;ALZN
388;AM
389;AMAL
390;AMAM
391;AMAO
392;AMAOU
393;AMAOW
394;AMAT
395;AMBA
396;AMBC
397;AMBO
398;AMBP
399;AMC
400;AMCI
401;AMCIU
402;AMCIW
403;AMCR
404;AMCX
405;AMD
406;AME
407;AMED
408;AMEH
409;AMG
410;AMGN
411;AMH
412;AMH^F
413;AMH^G
414;AMH^H
415;AMK
416;AMKR
417;AMN
418;AMNB
419;AMOT
420;AMOV
421;AMP
422;AMPE
423;AMPG
424;AMPGW
425;AMPH
426;AMPI
427;AMPL
428;AMPY
429;AMR
430;AMRC
431;AMRK
432;AMRN
433;AMRS
434;AMRX
435;AMS
436;AMSC
437;AMSF
438;AMST
439;AMSWA
440;AMT
441;AMTB
442;AMTBB
443;AMTI
444;AMTX
445;AMWD
446;AMWL
447;AMX
448;AMYT
449;AMZN
450;AN
451;ANAB
452;ANAC
453;ANAT
454;ANDE
455;ANEB
456;ANET
457;ANF
458;ANGI
459;ANGN
460;ANGO
461;ANIK
462;ANIP
463;ANIX
464;ANNX
465;ANPC
466;ANSS
467;ANTE
468;ANTM
469;ANVS
470;ANY
471;ANZU
472;ANZUU
473;ANZUW
474;AOD
475;AOMR
476;AON
477;AOS
478;AOSL
479;AOUT
480;AP
481;APA
482;APAC
483;APACU
484;APACW
485;APAM
486;APD
487;APDN
488;APEI
489;APEN
490;APG
491;APGB
492;APH
493;API
494;APLE
495;APLS
496;APLT
497;APM
498;APMI
499;APMIU
500;APMIW
501;APO
502;APO^A
503;APO^B
504;APOG
505;APP
506;APPF
507;APPH
508;APPHW
509;APPN
510;APPS
511;APR
512;APRE
513;APRN
514;APSG
515;APT
516;APTM
517;APTMU
518;APTMW
519;APTO
520;APTS
521;APTV
522;APTV^A
523;APTX
524;APVO
525;APWC
526;APYX
527;AQB
528;AQMS
529;AQN
530;AQNA
531;AQNB
532;AQNU
533;AQST
534;AQUA
535;AR
536;ARAV
537;ARAY
538;ARBE
539;ARBEW
540;ARBG
541;ARBGU
542;ARBGW
543;ARBK
544;ARC
545;ARCB
546;ARCC
547;ARCE
548;ARCH
549;ARCKU
550;ARCO
551;ARCT
552;ARDC
553;ARDS
554;ARDX
555;ARE
556;AREC
557;ARES
558;ARGD
559;ARGO
560;ARGO^A
561;ARGUU
562;ARGX
563;ARI
564;ARIS
565;ARKO
566;ARKOW
567;ARKR
568;ARL
569;ARLO
570;ARLP
571;ARMK
572;ARMP
573;ARNA
574;ARNC
575;AROC
576;AROW
577;ARQQ
578;ARQQW
579;ARQT
580;ARR
581;ARR^C
582;ARRW
583;ARRWU
584;ARRWW
585;ARRY
586;ARTA
587;ARTAU
588;ARTAW
589;ARTEU
590;ARTL
591;ARTLW
592;ARTNA
593;ARTW
594;ARVL
595;ARVN
596;ARW
597;ARWR
598;ARYD
599;ARYE
600;ASA
601;ASAI
602;ASAN
603;ASAQ
604;ASAX
605;ASAXW
606;ASB
607;ASB^E
608;ASB^F
609;ASC
610;ASG
611;ASGI
612;ASGN
613;ASH
614;ASIX
615;ASLE
616;ASLEW
617;ASLN
618;ASM
619;ASMB
620;ASML
621;ASND
622;ASO
623;ASPA
624;ASPAW
625;ASPC
626;ASPCU
627;ASPCW
628;ASPN
629;ASPS
630;ASPU
631;ASR
632;ASRT
633;ASRV
634;ASTC
635;ASTE
636;ASTL
637;ASTLW
638;ASTR
639;ASTRW
640;ASTS
641;ASTSW
642;ASUR
643;ASX
644;ASXC
645;ASYS
646;ASZ
647;ATA
648;ATAI
649;ATAQ
650;ATAX
651;ATC
652;ATCO
653;ATCO^D
654;ATCO^H
655;ATCO^I
656;ATCOL
657;ATCX
658;ATEC
659;ATEN
660;ATER
661;ATEX
662;ATGE
663;ATH
664;ATH^A
665;ATH^B
666;ATH^C
667;ATH^D
668;ATHA
669;ATHE
670;ATHM
671;ATHN
672;ATHX
673;ATI
674;ATIF
675;ATIP
676;ATKR
677;ATLC
678;ATLCP
679;ATLO
680;ATMR
681;ATNF
682;ATNFW
683;ATNI
684;ATNM
685;ATNX
686;ATO
687;ATOM
688;ATOS
689;ATR
690;ATRA
691;ATRC
692;ATRI
693;ATRO
694;ATRS
695;ATSG
696;ATSPT
697;ATSPU
698;ATSPW
699;ATTO
700;ATUS
701;ATVC
702;ATVCU
703;ATVCW
704;ATVI
705;ATXI
706;ATXS
707;ATY
708;AU
709;AUB
710;AUBAP
711;AUBN
712;AUD
713;AUDC
714;AUGX
715;AUID
716;AUMN
717;AUPH
718;AURA
719;AURC
720;AURCU
721;AURCW
722;AUS
723;AUTL
724;AUTO
725;AUUD
726;AUUDW
727;AUVI
728;AUVIP
729;AUY
730;AVA
731;AVACU
732;AVAH
733;AVAL
734;AVAN
735;AVAV
736;AVB
737;AVCO
738;AVCT
739;AVCTW
740;AVD
741;AVDL
742;AVDX
743;AVEO
744;AVGO
745;AVGOP
746;AVGR
747;AVHIU
748;AVID
749;AVIR
750;AVK
751;AVLR
752;AVNS
753;AVNT
754;AVNW
755;AVO
756;AVPT
757;AVPTW
758;AVRO
759;AVT
760;AVTE
761;AVTR
762;AVTR^A
763;AVTX
764;AVXL
765;AVY
766;AVYA
767;AWF
768;AWH
769;AWI
770;AWK
771;AWP
772;AWR
773;AWRE
774;AWX
775;AX
776;AXDX
777;AXGN
778;AXL
779;AXLA
780;AXNX
781;AXON
782;AXP
783;AXR
784;AXS
785;AXS^E
786;AXSM
787;AXTA
788;AXTI
789;AXU
790;AY
791;AYI
792;AYLA
793;AYRO
794;AYTU
795;AYX
796;AZEK
797;AZN
798;AZO
799;AZPN
800;AZRE
801;AZUL
802;AZYO
803;AZZ
804;B
805;BA
806;BABA
807;BAC
808;BAC^B
809;BAC^E
810;BAC^K
811;BAC^L
812;BAC^M
813;BAC^N
814;BAC^O
815;BAC^P
816;BAC^Q
817;BAH
818;BAK
819;BALY
820;BAM
821;BAMH
822;BAMI
823;BAMR
824;BANC
825;BANC^E
826;BAND
827;BANF
828;BANR
829;BANX
830;BAOS
831;BAP
832;BARK
833;BASE
834;BATL
835;BATRA
836;BATRK
837;BAX
838;BB
839;BBAR
840;BBBY
841;BBCP
842;BBD
843;BBDC
844;BBDO
845;BBGI
846;BBI
847;BBIG
848;BBIO
849;BBL
850;BBLG
851;BBLGW
852;BBLN
853;BBN
854;BBQ
855;BBSI
856;BBU
857;BBVA
858;BBW
859;BBWI
860;BBY
861;BC
862;BC^A
863;BC^B
864;BC^C
865;BCAB
866;BCAC
867;BCACU
868;BCACW
869;BCAT
870;BCBP
871;BCC
872;BCDA
873;BCDAW
874;BCE
875;BCEL
876;BCH
877;BCLI
878;BCML
879;BCO
880;BCOR
881;BCOV
882;BCOW
883;BCPC
884;BCRX
885;BCS
886;BCSF
887;BCTX
888;BCTXW
889;BCV
890;BCV^A
891;BCX
892;BCYC
893;BDC
894;BDJ
895;BDL
896;BDN
897;BDR
898;BDSI
899;BDSX
900;BDTX
901;BDX
902;BDXB
903;BE
904;BEAM
905;BECN
906;BEDU
907;BEEM
908;BEEMW
909;BEKE
910;BELFA
911;BELFB
912;BEN
913;BENE
914;BENER
915;BENEU
916;BENEW
917;BEP
918;BEP^A
919;BEPC
920;BEPH
921;BERY
922;BEST
923;BF/A
924;BF/B
925;BFAM
926;BFC
927;BFI
928;BFIIW
929;BFIN
930;BFK
931;BFLY
932;BFRA
933;BFRI
934;BFRIW
935;BFS
936;BFS^D
937;BFS^E
938;BFST
939;BFZ
940;BG
941;BGB
942;BGCP
943;BGFV
944;BGH
945;BGI
946;BGIO
947;BGNE
948;BGR
949;BGRY
950;BGRYW
951;BGS
952;BGSF
953;BGSX
954;BGT
955;BGX
956;BGY
957;BH
958;BHACU
959;BHAT
960;BHB
961;BHC
962;BHE
963;BHF
964;BHFAL
965;BHFAN
966;BHFAO
967;BHFAP
968;BHG
969;BHIL
970;BHK
971;BHLB
972;BHP
973;BHR
974;BHR^B
975;BHR^D
976;BHSE
977;BHSEW
978;BHTG
979;BHV
980;BHVN
981;BIDU
982;BIF
983;BIG
984;BIGC
985;BIGZ
986;BIIB
987;BILI
988;BILL
989;BIMI
990;BIO
991;BIO/B
992;BIOC
993;BIOL
994;BIOT
995;BIOTU
996;BIOTW
997;BIOX
998;BIP
999;BIP^A
1000;BIP^B
1001;BIPC
1002;BIPH
1003;BIT
1004;BITE
1005;BITF
1006;BIVI
1007;BJ
1008;BJRI
1009;BK
1010;BKCC
1011;BKD
1012;BKE
1013;BKEP
1014;BKEPP
1015;BKH
1016;BKI
1017;BKKT
1018;BKN
1019;BKNG
1020;BKR
1021;BKSC
1022;BKSY
1023;BKT
1024;BKTI
1025;BKU
1026;BKYI
1027;BL
1028;BLBD
1029;BLCM
1030;BLCT
1031;BLD
1032;BLDE
1033;BLDEW
1034;BLDP
1035;BLDR
1036;BLE
1037;BLFS
1038;BLFY
1039;BLI
1040;BLIN
1041;BLK
1042;BLKB
1043;BLL
1044;BLMN
1045;BLND
1046;BLNG
1047;BLNGU
1048;BLNGW
1049;BLNK
1050;BLNKW
1051;BLPH
1052;BLRX
1053;BLSA
1054;BLTS
1055;BLTSU
1056;BLTSW
1057;BLU
1058;BLUA
1059;BLUE
1060;BLW
1061;BLX
1062;BMA
1063;BMAQU
1064;BMBL
1065;BME
1066;BMEA
1067;BMEZ
1068;BMI
1069;BML^G
1070;BML^H
1071;BML^J
1072;BML^L
1073;BMO
1074;BMRA
1075;BMRC
1076;BMRN
1077;BMTC
1078;BMTX
1079;BMY
1080;BNED
1081;BNFT
1082;BNGO
1083;BNGOW
1084;BNIX
1085;BNIXR
1086;BNIXW
1087;BNL
1088;BNNR
1089;BNNRU
1090;BNNRW
1091;BNR
1092;BNS
1093;BNSO
1094;BNTC
1095;BNTX
1096;BNY
1097;BOAC
1098;BOAS
1099;BODY
1100;BOE
1101;BOH
1102;BOH^A
1103;BOKF
1104;BOLT
1105;BOMN
1106;BON
1107;BOOM
1108;BOOT
1109;BORR
1110;BOSC
1111;BOTJ
1112;BOX
1113;BOXL
1114;BP
1115;BPMC
1116;BPMP
1117;BPOP
1118;BPOPM
1119;BPRN
1120;BPT
1121;BPTH
1122;BPTS
1123;BPYPM
1124;BPYPN
1125;BPYPO
1126;BPYPP
1127;BQ
1128;BR
1129;BRAG
1130;BRBR
1131;BRBS
1132;BRC
1133;BRCN
1134;BRDG
1135;BREZ
1136;BREZR
1137;BREZW
1138;BRFS
1139;BRG
1140;BRG^C
1141;BRG^D
1142;BRID
1143;BRIV
1144;BRIVU
1145;BRIVW
1146;BRK/A
1147;BRK/B
1148;BRKL
1149;BRKR
1150;BRKS
1151;BRLI
1152;BRLIU
1153;BRLIW
1154;BRLT
1155;BRMK
1156;BRN
1157;BRO
1158;BROG
1159;BROGW
1160;BROS
1161;BRP
1162;BRPM
1163;BRPMU
1164;BRPMW
1165;BRQS
1166;BRSP
1167;BRT
1168;BRW
1169;BRX
1170;BRY
1171;BSA
1172;BSAC
1173;BSAQ
1174;BSBK
1175;BSBR
1176;BSET
1177;BSFC
1178;BSGA
1179;BSGAR
1180;BSGM
1181;BSIG
1182;BSKY
1183;BSKYU
1184;BSKYW
1185;BSL
1186;BSM
1187;BSMX
1188;BSN
1189;BSQR
1190;BSRR
1191;BST
1192;BSTZ
1193;BSVN
1194;BSX
1195;BSX^A
1196;BSY
1197;BTA
1198;BTAI
1199;BTAQ
1200;BTAQU
1201;BTAQW
1202;BTB
1203;BTBT
1204;BTCM
1205;BTCS
1206;BTCY
1207;BTG
1208;BTI
1209;BTN
1210;BTNB
1211;BTO
1212;BTRS
1213;BTRSW
1214;BTT
1215;BTTR
1216;BTTX
1217;BTU
1218;BTWN
1219;BTWNU
1220;BTWNW
1221;BTX
1222;BTZ
1223;BUD
1224;BUI
1225;BUR
1226;BURL
1227;BUSE
1228;BV
1229;BVH
1230;BVN
1231;BVS
1232;BVXV
1233;BW
1234;BW^A
1235;BWA
1236;BWAC
1237;BWACU
1238;BWACW
1239;BWAY
1240;BWB
1241;BWBBP
1242;BWC
1243;BWCAU
1244;BWCAW
1245;BWEN
1246;BWFG
1247;BWG
1248;BWMN
1249;BWMX
1250;BWSN
1251;BWXT
1252;BX
1253;BXC
1254;BXMT
1255;BXMX
1256;BXP
1257;BXRX
1258;BXSL
1259;BY
1260;BYD
1261;BYFC
1262;BYM
1263;BYND
1264;BYRN
1265;BYSI
1266;BYTS
1267;BYTSU
1268;BYTSW
1269;BZ
1270;BZH
1271;BZUN
1272;C
1273;C^J
1274;C^K
1275;C^N
1276;CAAP
1277;CAAS
1278;CABA
1279;CABO
1280;CAC
1281;CACC
1282;CACI
1283;CADE
1284;CADE^A
1285;CADL
1286;CAE
1287;CAF
1288;CAG
1289;CAH
1290;CAI
1291;CAI^A
1292;CAI^B
1293;CAJ
1294;CAKE
1295;CAL
1296;CALA
1297;CALB
1298;CALM
1299;CALT
1300;CALX
1301;CAMP
1302;CAMT
1303;CAN
1304;CANF
1305;CANG
1306;CANO
1307;CAPL
1308;CAPR
1309;CAR
1310;CARA
1311;CARE
1312;CARG
1313;CARR
1314;CARS
1315;CARV
1316;CAS
1317;CASA
1318;CASH
1319;CASI
1320;CASS
1321;CASY
1322;CAT
1323;CATC
1324;CATO
1325;CATY
1326;CB
1327;CBAH
1328;CBAN
1329;CBAT
1330;CBAY
1331;CBD
1332;CBFV
1333;CBH
1334;CBIO
1335;CBL
1336;CBNK
1337;CBOE
1338;CBRE
1339;CBRL
1340;CBSH
1341;CBT
1342;CBTX
1343;CBU
1344;CBZ
1345;CC
1346;CCAC
1347;CCAI
1348;CCAIU
1349;CCAIW
1350;CCAP
1351;CCB
1352;CCBG
1353;CCCC
1354;CCCS
1355;CCD
1356;CCEL
1357;CCEP
1358;CCF
1359;CCI
1360;CCJ
1361;CCK
1362;CCL
1363;CCLP
1364;CCM
1365;CCMP
1366;CCNC
1367;CCNE
1368;CCNEP
1369;CCO
1370;CCOI
1371;CCRN
1372;CCS
1373;CCSI
1374;CCTSU
1375;CCU
1376;CCV
1377;CCVI
1378;CCXI
1379;CCZ
1380;CD
1381;CDAK
1382;CDAQU
1383;CDAY
1384;CDE
1385;CDEV
1386;CDK
1387;CDLX
1388;CDMO
1389;CDNA
1390;CDNS
1391;CDOR
1392;CDR
1393;CDR^B
1394;CDR^C
1395;CDTX
1396;CDW
1397;CDXC
1398;CDXS
1399;CDZI
1400;CDZIP
1401;CE
1402;CEA
1403;CECE
1404;CEE
1405;CEI
1406;CEIX
1407;CELC
1408;CELH
1409;CELP
1410;CELU
1411;CELUW
1412;CEM
1413;CEMI
1414;CEN
1415;CENQ
1416;CENQU
1417;CENQW
1418;CENT
1419;CENTA
1420;CENX
1421;CEPU
1422;CEQP
1423;CEQP^
1424;CERE
1425;CERN
1426;CERS
1427;CERT
1428;CET
1429;CETX
1430;CETXP
1431;CETXW
1432;CEV
1433;CEVA
1434;CF
1435;CFB
1436;CFBK
1437;CFFE
1438;CFFEW
1439;CFFI
1440;CFFN
1441;CFFVU
1442;CFFVW
1443;CFG
1444;CFG^D
1445;CFG^E
1446;CFIV
1447;CFIVU
1448;CFIVW
1449;CFLT
1450;CFMS
1451;CFR
1452;CFR^B
1453;CFRX
1454;CFV
1455;CFVI
1456;CFVIU
1457;CFVIW
1458;CFX
1459;CFXA
1460;CG
1461;CGA
1462;CGABL
1463;CGAU
1464;CGBD
1465;CGC
1466;CGEM
1467;CGEN
1468;CGNT
1469;CGNX
1470;CGO
1471;CGRN
1472;CGTX
1473;CHAA
1474;CHCI
1475;CHCO
1476;CHCT
1477;CHD
1478;CHDN
1479;CHE
1480;CHEF
1481;CHEK
1482;CHEKZ
1483;CHGG
1484;CHH
1485;CHI
1486;CHK
1487;CHKEL
1488;CHKEW
1489;CHKP
1490;CHMG
1491;CHMI
1492;CHMI^A
1493;CHMI^B
1494;CHN
1495;CHNG
1496;CHNGU
1497;CHNR
1498;CHPM
1499;CHPMU
1500;CHPMW
1501;CHPT
1502;CHRA
1503;CHRB
1504;CHRS
1505;CHRW
1506;CHS
1507;CHSCL
1508;CHSCM
1509;CHSCN
1510;CHSCO
1511;CHSCP
1512;CHT
1513;CHTR
1514;CHUY
1515;CHW
1516;CHWA
1517;CHWAU
1518;CHWAW
1519;CHWY
1520;CHX
1521;CHY
1522;CI
1523;CIA
1524;CIB
1525;CIDM
1526;CIEN
1527;CIF
1528;CIFR
1529;CIFRW
1530;CIG
1531;CIGI
1532;CIH
1533;CII
1534;CIIGU
1535;CIK
1536;CIM
1537;CIM^A
1538;CIM^B
1539;CIM^C
1540;CIM^D
1541;CINF
1542;CINR
1543;CIO
1544;CIO^A
1545;CION
1546;CIR
1547;CIT
1548;CIT^B
1549;CIVB
1550;CIVI
1551;CIX
1552;CIXX
1553;CIZN
1554;CJJD
1555;CKPT
1556;CKX
1557;CL
1558;CLAA
1559;CLAQ
1560;CLAQR
1561;CLAQU
1562;CLAQW
1563;CLAR
1564;CLAS
1565;CLAY
1566;CLAYW
1567;CLB
1568;CLBK
1569;CLBS
1570;CLBT
1571;CLBTW
1572;CLDT
1573;CLDT^A
1574;CLDX
1575;CLEU
1576;CLF
1577;CLFD
1578;CLGN
1579;CLH
1580;CLI
1581;CLIM
1582;CLIR
1583;CLLS
1584;CLM
1585;CLMT
1586;CLNE
1587;CLNN
1588;CLNNW
1589;CLOE
1590;CLOER
1591;CLOEU
1592;CLOV
1593;CLPR
1594;CLPS
1595;CLPT
1596;CLR
1597;CLRB
1598;CLRM
1599;CLRMU
1600;CLRMW
1601;CLRO
1602;CLS
1603;CLSD
1604;CLSK
1605;CLSN
1606;CLST
1607;CLVR
1608;CLVRW
1609;CLVS
1610;CLVT
1611;CLVT^A
1612;CLW
1613;CLWT
1614;CLX
1615;CLXT
1616;CM
1617;CMA
1618;CMAX
1619;CMAXW
1620;CMBM
1621;CMC
1622;CMCL
1623;CMCM
1624;CMCO
1625;CMCSA
1626;CMCT
1627;CME
1628;CMG
1629;CMI
1630;CMLS
1631;CMLT
1632;CMLTU
1633;CMLTW
1634;CMMB
1635;CMP
1636;CMPI
1637;CMPR
1638;CMPS
1639;CMPX
1640;CMRE
1641;CMRE^B
1642;CMRE^C
1643;CMRE^D
1644;CMRE^E
1645;CMRX
1646;CMS
1647;CMS^B
1648;CMS^C
1649;CMSA
1650;CMSC
1651;CMSD
1652;CMT
1653;CMTL
1654;CMU
1655;CNA
1656;CNBKA
1657;CNC
1658;CNCE
1659;CND
1660;CNDA
1661;CNDT
1662;CNET
1663;CNEY
1664;CNF
1665;CNFR
1666;CNFRL
1667;CNHI
1668;CNI
1669;CNK
1670;CNM
1671;CNMD
1672;CNNB
1673;CNNE
1674;CNO
1675;CNO^A
1676;CNOB
1677;CNOBP
1678;CNP
1679;CNQ
1680;CNR
1681;CNS
1682;CNSL
1683;CNSP
1684;CNTA
1685;CNTB
1686;CNTG
1687;CNTQ
1688;CNTQU
1689;CNTQW
1690;CNTX
1691;CNTY
1692;CNVY
1693;CNX
1694;CNXC
1695;CNXN
1696;CO
1697;COCO
1698;COCP
1699;CODA
1700;CODI
1701;CODI^A
1702;CODI^B
1703;CODI^C
1704;CODX
1705;COE
1706;COF
1707;COF^G
1708;COF^H
1709;COF^I
1710;COF^J
1711;COF^K
1712;COF^L
1713;COF^N
1714;COFS
1715;COGT
1716;COHN
1717;COHR
1718;COHU
1719;COIN
1720;COKE
1721;COLB
1722;COLD
1723;COLI
1724;COLIU
1725;COLIW
1726;COLL
1727;COLM
1728;COMM
1729;COMP
1730;COMS
1731;COMSP
1732;COMSW
1733;CONE
1734;CONN
1735;CONX
1736;CONXU
1737;CONXW
1738;COO
1739;COOK
1740;COOL
1741;COOLU
1742;COOLW
1743;COOP
1744;COP
1745;COR
1746;CORR
1747;CORR^A
1748;CORS
1749;CORT
1750;COST
1751;COTY
1752;COUP
1753;COUR
1754;COVA
1755;COVAU
1756;COVAW
1757;COWN
1758;COWNL
1759;CP
1760;CPA
1761;CPAA
1762;CPAAU
1763;CPAAW
1764;CPAC
1765;CPAR
1766;CPARU
1767;CPARW
1768;CPB
1769;CPE
1770;CPF
1771;CPG
1772;CPHC
1773;CPHI
1774;CPIX
1775;CPK
1776;CPLG
1777;CPLP
1778;CPNG
1779;CPOP
1780;CPRI
1781;CPRT
1782;CPRX
1783;CPS
1784;CPSH
1785;CPSI
1786;CPSR
1787;CPSS
1788;CPT
1789;CPTAG
1790;CPTAL
1791;CPTK
1792;CPUH
1793;CPZ
1794;CQP
1795;CR
1796;CRAI
1797;CRBP
1798;CRBU
1799;CRC
1800;CRCT
1801;CRD/A
1802;CRD/B
1803;CRDF
1804;CRDL
1805;CREG
1806;CRESW
1807;CRESY
1808;CREX
1809;CREXW
1810;CRF
1811;CRH
1812;CRHC
1813;CRI
1814;CRIS
1815;CRK
1816;CRKN
1817;CRL
1818;CRM
1819;CRMD
1820;CRMT
1821;CRNC
1822;CRNT
1823;CRNX
1824;CRON
1825;CROX
1826;CRS
1827;CRSP
1828;CRSR
1829;CRT
1830;CRTD
1831;CRTDW
1832;CRTO
1833;CRTX
1834;CRU
1835;CRUS
1836;CRVL
1837;CRVS
1838;CRWD
1839;CRWS
1840;CRXT
1841;CRXTW
1842;CRY
1843;CRZN
1844;CRZNU
1845;CRZNW
1846;CS
1847;CSAN
1848;CSBR
1849;CSCO
1850;CSCW
1851;CSGP
1852;CSGS
1853;CSII
1854;CSIQ
1855;CSL
1856;CSLT
1857;CSPI
1858;CSPR
1859;CSQ
1860;CSR
1861;CSR^C
1862;CSSE
1863;CSSEN
1864;CSSEP
1865;CSTA
1866;CSTE
1867;CSTL
1868;CSTM
1869;CSTR
1870;CSU
1871;CSV
1872;CSWC
1873;CSWI
1874;CSX
1875;CTA^A
1876;CTA^B
1877;CTAQ
1878;CTAQU
1879;CTAQW
1880;CTAS
1881;CTBB
1882;CTBI
1883;CTDD
1884;CTEK
1885;CTG
1886;CTHR
1887;CTIB
1888;CTIC
1889;CTK
1890;CTKB
1891;CTLP
1892;CTLT
1893;CTMX
1894;CTO
1895;CTO^A
1896;CTOS
1897;CTR
1898;CTRA
1899;CTRE
1900;CTRM
1901;CTRN
1902;CTS
1903;CTSH
1904;CTSO
1905;CTT
1906;CTVA
1907;CTXR
1908;CTXRW
1909;CTXS
1910;CUBA
1911;CUBB
1912;CUBE
1913;CUBI
1914;CUBI^E
1915;CUBI^F
1916;CUE
1917;CUEN
1918;CUENW
1919;CUK
1920;CULL
1921;CULP
1922;CURI
1923;CURIW
1924;CURO
1925;CURV
1926;CUTR
1927;CUZ
1928;CVA
1929;CVAC
1930;CVBF
1931;CVCO
1932;CVCY
1933;CVE
1934;CVEO
1935;CVET
1936;CVGI
1937;CVGW
1938;CVI
1939;CVII
1940;CVLG
1941;CVLT
1942;CVLY
1943;CVM
1944;CVNA
1945;CVR
1946;CVRX
1947;CVS
1948;CVU
1949;CVV
1950;CVX
1951;CW
1952;CWAN
1953;CWBC
1954;CWBR
1955;CWCO
1956;CWEN
1957;CWH
1958;CWK
1959;CWST
1960;CWT
1961;CX
1962;CXDO
1963;CXE
1964;CXH
1965;CXM
1966;CXP
1967;CXW
1968;CYAD
1969;CYAN
1970;CYBE
1971;CYBN
1972;CYBR
1973;CYCC
1974;CYCCP
1975;CYCN
1976;CYD
1977;CYH
1978;CYN
1979;CYRN
1980;CYRX
1981;CYT
1982;CYTH
1983;CYTK
1984;CYTO
1985;CYXT
1986;CYXTW
1987;CZNC
1988;CZOO
1989;CZR
1990;CZWI
1991;D
1992;DAC
1993;DADA
1994;DAIO
1995;DAKT
1996;DAL
1997;DALN
1998;DALS
1999;DAN
2000;DAO
2001;DAR
2002;DARE
2003;DASH
2004;DATS
2005;DATSW
2006;DAVA
2007;DAWN
2008;DB
2009;DBD
2010;DBDR
2011;DBDRU
2012;DBDRW
2013;DBGI
2014;DBGIW
2015;DBI
2016;DBL
2017;DBRG
2018;DBRG^H
2019;DBRG^I
2020;DBRG^J
2021;DBTX
2022;DBVT
2023;DBX
2024;DCBO
2025;DCF
2026;DCI
2027;DCO
2028;DCOM
2029;DCOMP
2030;DCP
2031;DCP^B
2032;DCP^C
2033;DCPH
2034;DCRC
2035;DCRCU
2036;DCRCW
2037;DCRD
2038;DCRDU
2039;DCRDW
2040;DCRN
2041;DCRNU
2042;DCRNW
2043;DCT
2044;DCTH
2045;DCUE
2046;DD
2047;DDD
2048;DDF
2049;DDI
2050;DDL
2051;DDMX
2052;DDMXU
2053;DDMXW
2054;DDOG
2055;DDS
2056;DDT
2057;DE
2058;DEA
2059;DECK
2060;DEI
2061;DELL
2062;DEN
2063;DENN
2064;DEO
2065;DESP
2066;DEX
2067;DFFN
2068;DFH
2069;DFIN
2070;DFP
2071;DFPH
2072;DFPHW
2073;DFS
2074;DG
2075;DGICA
2076;DGICB
2077;DGII
2078;DGLY
2079;DGNS
2080;DGNU
2081;DGX
2082;DH
2083;DHBC
2084;DHBCU
2085;DHBCW
2086;DHC
2087;DHCA
2088;DHCAU
2089;DHCAW
2090;DHCNI
2091;DHCNL
2092;DHF
2093;DHHC
2094;DHHCU
2095;DHHCW
2096;DHI
2097;DHIL
2098;DHR
2099;DHR^A
2100;DHR^B
2101;DHT
2102;DHX
2103;DHY
2104;DIAX
2105;DIBS
2106;DICE
2107;DIDI
2108;DILA
2109;DIN
2110;DIOD
2111;DIS
2112;DISA
2113;DISAU
2114;DISAW
2115;DISCA
2116;DISCB
2117;DISCK
2118;DISH
2119;DIT
2120;DJCO
2121;DK
2122;DKDCA
2123;DKDCU
2124;DKDCW
2125;DKL
2126;DKNG
2127;DKS
2128;DLA
2129;DLB
2130;DLCA
2131;DLCAU
2132;DLCAW
2133;DLHC
2134;DLNG
2135;DLNG^A
2136;DLNG^B
2137;DLO
2138;DLPN
2139;DLR
2140;DLR^J
2141;DLR^K
2142;DLR^L
2143;DLTH
2144;DLTR
2145;DLX
2146;DLY
2147;DM
2148;DMAC
2149;DMAQU
2150;DMB
2151;DMF
2152;DMLP
2153;DMO
2154;DMRC
2155;DMS
2156;DMTK
2157;DMYQ
2158;DNA
2159;DNAA
2160;DNAB
2161;DNAC
2162;DNAD
2163;DNAY
2164;DNB
2165;DNLI
2166;DNMR
2167;DNN
2168;DNOW
2169;DNP
2170;DNUT
2171;DNZ
2172;DOC
2173;DOCN
2174;DOCS
2175;DOCU
2176;DOGZ
2177;DOLE
2178;DOMA
2179;DOMO
2180;DOOO
2181;DOOR
2182;DORM
2183;DOV
2184;DOW
2185;DOX
2186;DOYU
2187;DPG
2188;DPRO
2189;DPW
2190;DPZ
2191;DQ
2192;DRAY
2193;DRAYU
2194;DRAYW
2195;DRD
2196;DRE
2197;DRH
2198;DRH^A
2199;DRI
2200;DRIO
2201;DRMA
2202;DRMAW
2203;DRNA
2204;DRQ
2205;DRRX
2206;DRTT
2207;DRVN
2208;DS
2209;DS^B
2210;DS^C
2211;DS^D
2212;DSAC
2213;DSACU
2214;DSACW
2215;DSEY
2216;DSGN
2217;DSGX
2218;DSKE
2219;DSKEW
2220;DSL
2221;DSM
2222;DSP
2223;DSPG
2224;DSS
2225;DSU
2226;DSWL
2227;DSX
2228;DSX^B
2229;DT
2230;DTB
2231;DTC
2232;DTE
2233;DTEA
2234;DTF
2235;DTIL
2236;DTLA^
2237;DTM
2238;DTOC
2239;DTOCU
2240;DTOCW
2241;DTP
2242;DTRT
2243;DTRTU
2244;DTRTW
2245;DTSS
2246;DTST
2247;DTSTW
2248;DTW
2249;DTY
2250;DUK
2251;DUK^A
2252;DUKB
2253;DUNE
2254;DUNEU
2255;DUNEW
2256;DUO
2257;DUOL
2258;DUOT
2259;DV
2260;DVA
2261;DVAX
2262;DVD
2263;DVN
2264;DWAC
2265;DWACU
2266;DWACW
2267;DWIN
2268;DWSN
2269;DX
2270;DX^C
2271;DXC
2272;DXCM
2273;DXF
2274;DXLG
2275;DXPE
2276;DXR
2277;DXYN
2278;DY
2279;DYAI
2280;DYFN
2281;DYN
2282;DYNS
2283;DYNT
2284;DZSI
2285;E
2286;EA
2287;EAC
2288;EACPU
2289;EACPW
2290;EAD
2291;EAF
2292;EAI
2293;EAR
2294;EARN
2295;EAST
2296;EAT
2297;EB
2298;EBAC
2299;EBACU
2300;EBACW
2301;EBAY
2302;EBC
2303;EBET
2304;EBF
2305;EBIX
2306;EBMT
2307;EBON
2308;EBR
2309;EBS
2310;EBSB
2311;EBTC
2312;EC
2313;ECAT
2314;ECC           
2315;ECCB
2316;ECCC
2317;ECCW
2318;ECCX
2319;ECCY
2320;ECF
2321;ECF^A
2322;ECHO
2323;ECL
2324;ECOL
2325;ECOLW
2326;ECOM          
2327;ECOR
2328;ECPG
2329;ECVT
2330;ED
2331;EDAP
2332;EDD
2333;EDF
2334;EDI
2335;EDIT
2336;EDN
2337;EDNCU
2338;EDR
2339;EDRY
2340;EDSA
2341;EDTK
2342;EDTX
2343;EDTXU
2344;EDTXW
2345;EDU
2346;EDUC
2347;EEA
2348;EEFT
2349;EEIQ
2350;EEX
2351;EFC
2352;EFC^A
2353;EFL
2354;EFOI
2355;EFR
2356;EFSC
2357;EFT
2358;EFTR
2359;EFTRW
2360;EFX
2361;EGAN
2362;EGBN
2363;EGF
2364;EGGF
2365;EGHT
2366;EGLE
2367;EGLX
2368;EGO
2369;EGP
2370;EGRX
2371;EGY
2372;EH
2373;EHC
2374;EHI
2375;EHTH
2376;EIC
2377;EICA
2378;EIG
2379;EIGR
2380;EIM
2381;EIX
2382;EJFA
2383;EJFAU
2384;EJFAW
2385;EJH
2386;EKSO
2387;EL
2388;ELA
2389;ELAN
2390;ELAT
2391;ELC
2392;ELDN
2393;ELEV
2394;ELF
2395;ELLO
2396;ELMD
2397;ELMS
2398;ELMSW
2399;ELOX
2400;ELP
2401;ELS
2402;ELSE
2403;ELTK
2404;ELVT
2405;ELY
2406;ELYM
2407;ELYS
2408;EM
2409;EMAN
2410;EMCF
2411;EMD
2412;EME
2413;EMF
2414;EMKR
2415;EML
2416;EMN
2417;EMO
2418;EMP
2419;EMR
2420;EMX
2421;ENB
2422;ENBA
2423;ENBL
2424;ENDP
2425;ENERU
2426;ENFA
2427;ENFAU
2428;ENFAW
2429;ENFN
2430;ENG
2431;ENIA
2432;ENIC
2433;ENJ
2434;ENJY
2435;ENJYW
2436;ENLC
2437;ENLV
2438;ENNV
2439;ENNVU
2440;ENNVW
2441;ENO
2442;ENOB
2443;ENPC
2444;ENPH
2445;ENR
2446;ENR^A
2447;ENS
2448;ENSC
2449;ENSG
2450;ENSV
2451;ENTA
2452;ENTFU
2453;ENTG
2454;ENTX
2455;ENTXW
2456;ENV
2457;ENVA
2458;ENVB
2459;ENVI
2460;ENVIU
2461;ENVIW
2462;ENVX
2463;ENVXW
2464;ENX
2465;ENZ
2466;EOCW
2467;EOD
2468;EOG
2469;EOI
2470;EOLS
2471;EOS
2472;EOSE
2473;EOSEW
2474;EOT
2475;EP^C
2476;EPAC
2477;EPAM
2478;EPAY
2479;EPC
2480;EPD
2481;EPHY
2482;EPHYU
2483;EPHYW
2484;EPIX
2485;EPM
2486;EPR
2487;EPR^C
2488;EPR^E
2489;EPR^G
2490;EPRT
2491;EPSN
2492;EPWR
2493;EPZM
2494;EQ
2495;EQBK
2496;EQC
2497;EQC^D
2498;EQD
2499;EQH
2500;EQH^A
2501;EQH^C
2502;EQHA
2503;EQIX
2504;EQNR
2505;EQOS
2506;EQR
2507;EQS
2508;EQT
2509;EQX
2510;ERAS
2511;ERC
2512;ERES
2513;ERESU
2514;ERESW
2515;ERF
2516;ERH
2517;ERIC
2518;ERIE
2519;ERII
2520;ERJ
2521;ERO
2522;ERYP
2523;ES
2524;ESACU
2525;ESBK
2526;ESCA
2527;ESE
2528;ESEA
2529;ESGC
2530;ESGR
2531;ESGRO
2532;ESGRP
2533;ESI
2534;ESLT
2535;ESM
2536;ESMT
2537;ESNT
2538;ESP
2539;ESPR
2540;ESQ
2541;ESRT
2542;ESS
2543;ESSA
2544;ESSC
2545;ESSCR
2546;ESSCU
2547;ESSCW
2548;ESTA
2549;ESTC
2550;ESTE
2551;ESXB
2552;ET
2553;ET^C
2554;ET^D
2555;ET^E
2556;ETAC
2557;ETACU
2558;ETACW
2559;ETB
2560;ETD
2561;ETG
2562;ETI^
2563;ETJ
2564;ETN
2565;ETNB
2566;ETO
2567;ETON
2568;ETR
2569;ETRN
2570;ETSY
2571;ETTX
2572;ETV
2573;ETW
2574;ETWO
2575;ETX           
2576;ETY
2577;EUCR
2578;EURN
2579;EUSG
2580;EUSGU
2581;EUSGW
2582;EVA
2583;EVAX
2584;EVBG
2585;EVBN
2586;EVC
2587;EVCM
2588;EVER
2589;EVF
2590;EVFM
2591;EVG
2592;EVGN
2593;EVGO
2594;EVGOW
2595;EVH
2596;EVI
2597;EVK
2598;EVLO
2599;EVLV
2600;EVLVW
2601;EVM
2602;EVN
2603;EVOJ
2604;EVOJU
2605;EVOJW
2606;EVOK
2607;EVOL
2608;EVOP
2609;EVR
2610;EVRG
2611;EVRI
2612;EVT
2613;EVTC
2614;EVV
2615;EW
2616;EWBC
2617;EWCZ
2618;EWTX
2619;EXAI
2620;EXAS
2621;EXC
2622;EXD
2623;EXEL
2624;EXG
2625;EXK
2626;EXLS
2627;EXN
2628;EXP
2629;EXPD
2630;EXPE
2631;EXPI
2632;EXPO
2633;EXPR
2634;EXR
2635;EXTN
2636;EXTR
2637;EYE
2638;EYEG
2639;EYEN
2640;EYES
2641;EYESW
2642;EYPT
2643;EZFL
2644;EZGO
2645;EZPW
2646;F
2647;F^B
2648;F^C
2649;FA
2650;FACA
2651;FACT
2652;FAF
2653;FAM
2654;FAMI
2655;FANG
2656;FANH
2657;FARM
2658;FARO
2659;FAST
2660;FAT
2661;FATBB
2662;FATBP
2663;FATBW
2664;FATE
2665;FATPU
2666;FAX
2667;FB
2668;FBC
2669;FBHS
2670;FBIO
2671;FBIOP
2672;FBIZ
2673;FBK
2674;FBMS
2675;FBNC
2676;FBP
2677;FBRT
2678;FBRT^E
2679;FBRX
2680;FC
2681;FCAP
2682;FCAX
2683;FCBC
2684;FCCO
2685;FCCY
2686;FCEL
2687;FCF
2688;FCFS
2689;FCN
2690;FCNCA
2691;FCNCP
2692;FCO
2693;FCPT
2694;FCRD
2695;FCRW
2696;FCT
2697;FCUV
2698;FCX
2699;FDBC
2700;FDEU
2701;FDMT
2702;FDP
2703;FDS
2704;FDUS
2705;FDX
2706;FE
2707;FEDU
2708;FEI           
2709;FEIM
2710;FELE
2711;FEMY
2712;FEN
2713;FENC
2714;FENG
2715;FEO
2716;FERG
2717;FET
2718;FEXDU
2719;FF
2720;FFA
2721;FFBC
2722;FFBW
2723;FFC
2724;FFHL
2725;FFIC
2726;FFIE
2727;FFIEW
2728;FFIN
2729;FFIV
2730;FFNW
2731;FFWM
2732;FGB
2733;FGBI
2734;FGBIP
2735;FGEN
2736;FGF
2737;FGFPP
2738;FHB
2739;FHI
2740;FHLTU
2741;FHN
2742;FHN^B
2743;FHN^C
2744;FHN^D
2745;FHN^E
2746;FHN^F
2747;FHS
2748;FHTX
2749;FIACU
2750;FIBK
2751;FICO
2752;FICV
2753;FICVU
2754;FICVW
2755;FIF
2756;FIGS
2757;FINM
2758;FINMU
2759;FINMW
2760;FINS
2761;FINV
2762;FIS
2763;FISI
2764;FISV
2765;FITB
2766;FITBI
2767;FITBO
2768;FITBP
2769;FIV
2770;FIVE
2771;FIVN
2772;FIX
2773;FIXX
2774;FIZZ
2775;FKWL
2776;FL
2777;FLAC
2778;FLACU
2779;FLACW
2780;FLAG
2781;FLC
2782;FLDM
2783;FLEX
2784;FLGC
2785;FLGT
2786;FLIC
2787;FLL
2788;FLME
2789;FLMN
2790;FLMNW
2791;FLNC
2792;FLNG
2793;FLNT
2794;FLO
2795;FLOW
2796;FLR
2797;FLS
2798;FLT
2799;FLUX
2800;FLWS
2801;FLXN
2802;FLXS
2803;FLYW
2804;FMAC
2805;FMAO
2806;FMBH
2807;FMBI
2808;FMBIO
2809;FMBIP
2810;FMC
2811;FMIV
2812;FMIVW
2813;FMN
2814;FMNB
2815;FMO
2816;FMS
2817;FMTX
2818;FMX
2819;FMY
2820;FN
2821;FNA
2822;FNB
2823;FNB^E
2824;FNCB
2825;FNCH
2826;FND
2827;FNF
2828;FNHC
2829;FNKO
2830;FNLC
2831;FNV
2832;FNWB
2833;FNWD
2834;FOA
2835;FOCS
2836;FOE
2837;FOF
2838;FOLD
2839;FONR
2840;FOR
2841;FORA
2842;FORD
2843;FORE
2844;FOREU
2845;FOREW
2846;FORG
2847;FORM
2848;FORR
2849;FORTY
2850;FOSL
2851;FOUNU
2852;FOUR
2853;FOX
2854;FOXA
2855;FOXF
2856;FOXW
2857;FOXWU
2858;FOXWW
2859;FPAC
2860;FPAY
2861;FPF
2862;FPH
2863;FPI
2864;FPL
2865;FR
2866;FRA
2867;FRAF
2868;FRBA
2869;FRBK
2870;FRC
2871;FRC^H
2872;FRC^I
2873;FRC^J
2874;FRC^K
2875;FRC^L
2876;FRC^M
2877;FRD
2878;FREE
2879;FREEW
2880;FREQ
2881;FREY
2882;FRG
2883;FRGAP
2884;FRGI
2885;FRHC
2886;FRLN
2887;FRME
2888;FRO
2889;FROG
2890;FRON
2891;FRONU
2892;FRONW
2893;FRPH
2894;FRPT
2895;FRSG
2896;FRSGU
2897;FRSGW
2898;FRSH
2899;FRST
2900;FRSX
2901;FRT
2902;FRT^C
2903;FRTA
2904;FRW
2905;FRWAU
2906;FRWAW
2907;FRXB
2908;FSBC
2909;FSBW
2910;FSD
2911;FSEA
2912;FSFG
2913;FSI
2914;FSII
2915;FSK
2916;FSLR
2917;FSLY
2918;FSM
2919;FSNB
2920;FSP
2921;FSR
2922;FSRX
2923;FSRXU
2924;FSRXW
2925;FSS
2926;FSSI
2927;FSSIU
2928;FSSIW
2929;FST
2930;FSTR
2931;FSTX
2932;FSV
2933;FT
2934;FTAA
2935;FTAAU
2936;FTAAW
2937;FTAI
2938;FTAI^A
2939;FTAI^B
2940;FTAI^C
2941;FTCH
2942;FTCI
2943;FTCV
2944;FTCVU
2945;FTCVW
2946;FTDR
2947;FTEK
2948;FTEV
2949;FTF
2950;FTFT
2951;FTHM
2952;FTHY
2953;FTI
2954;FTK
2955;FTNT
2956;FTPA
2957;FTPAU
2958;FTPAW
2959;FTRP
2960;FTS
2961;FTSI
2962;FTV
2963;FTVI
2964;FTVIU
2965;FTVIW
2966;FUBO
2967;FUL
2968;FULC
2969;FULT
2970;FULTP
2971;FUN
2972;FUNC
2973;FUND
2974;FURY
2975;FUSB
2976;FUSN
2977;FUTU
2978;FUV
2979;FVAM
2980;FVCB
2981;FVE
2982;FVIV
2983;FVRR
2984;FVT
2985;FWAC
2986;FWBI
2987;FWONA
2988;FWONK
2989;FWP
2990;FWRD
2991;FWRG
2992;FXLV
2993;FXNC
2994;FYBR
2995;FZT
2996;G
2997;GAB
2998;GAB^G
2999;GAB^H
3000;GAB^J
3001;GAB^K
3002;GABC
3003;GACQ
3004;GACQU
3005;GACQW
3006;GAIA
3007;GAIN
3008;GAINN
3009;GAINZ
3010;GALT
3011;GAM
3012;GAM^B
3013;GAMB
3014;GAMC
3015;GAMCU
3016;GAMCW
3017;GAME
3018;GAN
3019;GANX
3020;GAPA
3021;GASS
3022;GATEU
3023;GATO
3024;GATX
3025;GAU
3026;GB
3027;GBAB
3028;GBCI
3029;GBDC
3030;GBIO
3031;GBL
3032;GBLI
3033;GBLIL
3034;GBNH
3035;GBNY
3036;GBOX
3037;GBR
3038;GBRG
3039;GBRGR
3040;GBRGW
3041;GBS
3042;GBT
3043;GBX
3044;GCAC
3045;GCACU
3046;GCACW
3047;GCBC
3048;GCI
3049;GCMG
3050;GCMGW
3051;GCO
3052;GCP
3053;GCV
3054;GD
3055;GDDY
3056;GDEN
3057;GDEV
3058;GDEVW
3059;GDL
3060;GDO
3061;GDOT
3062;GDP
3063;GDRX
3064;GDS
3065;GDV
3066;GDV^G
3067;GDV^H
3068;GDV^K
3069;GDYN
3070;GE
3071;GECC
3072;GECCM
3073;GECCN
3074;GECCO
3075;GEF
3076;GEG
3077;GEL
3078;GENC
3079;GENE
3080;GENI
3081;GEO
3082;GEOS
3083;GER
3084;GERN
3085;GES
3086;GET
3087;GEVO
3088;GF
3089;GFAI
3090;GFAIW
3091;GFED
3092;GFF
3093;GFI
3094;GFL
3095;GFLU
3096;GFOR
3097;GFS
3098;GFX
3099;GGAL
3100;GGB
3101;GGG
3102;GGGV
3103;GGGVR
3104;GGGVU
3105;GGMC
3106;GGMCU
3107;GGMCW
3108;GGN
3109;GGN^B
3110;GGPI
3111;GGPIU
3112;GGPIW
3113;GGT
3114;GGT^E
3115;GGT^G
3116;GGZ
3117;GGZ^A
3118;GH
3119;GHAC
3120;GHACU
3121;GHACW
3122;GHC
3123;GHG
3124;GHL
3125;GHLD
3126;GHM
3127;GHRS
3128;GHSI
3129;GHY
3130;GIACU
3131;GIB
3132;GIC
3133;GIFI
3134;GIG
3135;GIGGU
3136;GIGGW
3137;GIGM
3138;GIII
3139;GIIX
3140;GIIXU
3141;GIIXW
3142;GIL
3143;GILD
3144;GILT
3145;GIM
3146;GIPR
3147;GIPRW
3148;GIS
3149;GIW
3150;GIWWU
3151;GIWWW
3152;GJH
3153;GJR
3154;GJS
3155;GJT
3156;GKOS
3157;GL
3158;GL^D
3159;GLAD
3160;GLAQ
3161;GLAQU
3162;GLAQW
3163;GLBE
3164;GLBL
3165;GLBLU
3166;GLBLW
3167;GLBS
3168;GLBZ
3169;GLDD
3170;GLDG
3171;GLEE
3172;GLEEU
3173;GLEEW
3174;GLG
3175;GLHA
3176;GLHAU
3177;GLHAW
3178;GLMD
3179;GLNG
3180;GLO
3181;GLOB
3182;GLOG^A
3183;GLOP
3184;GLOP^A
3185;GLOP^B
3186;GLOP^C
3187;GLP
3188;GLP^A
3189;GLP^B
3190;GLPG
3191;GLPI
3192;GLQ
3193;GLRE
3194;GLSI
3195;GLSPT
3196;GLSPU
3197;GLSPW
3198;GLT
3199;GLTA
3200;GLTO
3201;GLU
3202;GLU^B
3203;GLUE
3204;GLV
3205;GLW
3206;GLYC
3207;GM
3208;GMAB
3209;GMBL
3210;GMBLW
3211;GMBT
3212;GMBTU
3213;GMBTW
3214;GMDA
3215;GME
3216;GMED
3217;GMII
3218;GMIIU
3219;GMIIW
3220;GMRE
3221;GMRE^A
3222;GMS
3223;GMTX
3224;GMVD
3225;GMVDW
3226;GNAC
3227;GNACU
3228;GNACW
3229;GNCA
3230;GNE
3231;GNE^A
3232;GNFT
3233;GNK
3234;GNL
3235;GNL^A
3236;GNL^B
3237;GNLN
3238;GNOG
3239;GNPX
3240;GNRC
3241;GNSS
3242;GNT
3243;GNT^A
3244;GNTX
3245;GNTY
3246;GNUS
3247;GNW
3248;GO
3249;GOAC
3250;GOBI
3251;GOCO
3252;GOED
3253;GOEV
3254;GOEVW
3255;GOF
3256;GOGL
3257;GOGO
3258;GOL
3259;GOLD
3260;GOLF
3261;GOOD
3262;GOODN
3263;GOODO
3264;GOOG
3265;GOOGL
3266;GOOS
3267;GORO
3268;GOSS
3269;GOTU
3270;GOVX
3271;GOVXW
3272;GP
3273;GPAC
3274;GPACU
3275;GPACW
3276;GPC
3277;GPCO
3278;GPCOR
3279;GPCOU
3280;GPCOW
3281;GPI
3282;GPJA
3283;GPK
3284;GPL
3285;GPMT
3286;GPN
3287;GPOR
3288;GPP
3289;GPRE
3290;GPRK
3291;GPRO
3292;GPS
3293;GRAY
3294;GRBK
3295;GRC
3296;GRCL
3297;GRCY
3298;GRCYU
3299;GRCYW
3300;GREE
3301;GREEL
3302;GRF
3303;GRFS
3304;GRIL
3305;GRIN
3306;GRMN
3307;GRNQ
3308;GROM
3309;GROMW
3310;GROW
3311;GROY
3312;GRPH
3313;GRPN
3314;GRTS
3315;GRTX
3316;GRUB
3317;GRVI
3318;GRVY
3319;GRWG
3320;GRX
3321;GS
3322;GS^A
3323;GS^C
3324;GS^D
3325;GS^J
3326;GS^K
3327;GSAQ
3328;GSAQU
3329;GSAQW
3330;GSAT
3331;GSBC
3332;GSBD
3333;GSEV
3334;GSEVU
3335;GSEVW
3336;GSHD
3337;GSIT
3338;GSK
3339;GSKY
3340;GSL
3341;GSL^B
3342;GSLD
3343;GSM
3344;GSMG
3345;GSMGW
3346;GSQB
3347;GSQD
3348;GSS
3349;GSV
3350;GT
3351;GTACU
3352;GTBP
3353;GTE
3354;GTEC
3355;GTES
3356;GTH
3357;GTHX
3358;GTIM
3359;GTLB
3360;GTLS
3361;GTN
3362;GTPA
3363;GTPAW
3364;GTPB
3365;GTPBU
3366;GTPBW
3367;GTS
3368;GTX
3369;GTXAP
3370;GTY
3371;GTYH
3372;GURE
3373;GUT
3374;GUT^A
3375;GUT^C
3376;GVA
3377;GVP
3378;GWB
3379;GWGH
3380;GWH
3381;GWII
3382;GWIIW
3383;GWRE
3384;GWRS
3385;GWW
3386;GXII
3387;GXIIU
3388;GXIIW
3389;GXO
3390;GYRO
3391;H
3392;HA
3393;HAAC
3394;HAACU
3395;HAACW
3396;HAE
3397;HAFC
3398;HAIN
3399;HAL
3400;HALL
3401;HALO
3402;HAPP
3403;HARP
3404;HAS
3405;HASI
3406;HAYN
3407;HAYW
3408;HBAN
3409;HBANM
3410;HBANP
3411;HBB
3412;HBCP
3413;HBI
3414;HBIO
3415;HBM
3416;HBMD
3417;HBNC
3418;HBP
3419;HBT
3420;HCA
3421;HCAQ
3422;HCAR
3423;HCARU
3424;HCARW
3425;HCAT
3426;HCC
3427;HCCC
3428;HCCCU
3429;HCCCW
3430;HCCI
3431;HCDI
3432;HCDIP
3433;HCDIW
3434;HCDIZ
3435;HCI
3436;HCIC
3437;HCICU
3438;HCICW
3439;HCII
3440;HCIIU
3441;HCIIW
3442;HCKT
3443;HCM
3444;HCNE
3445;HCNEU
3446;HCSG
3447;HCTI
3448;HCVIU
3449;HCWB
3450;HCXY
3451;HD
3452;HDB
3453;HDSN
3454;HE
3455;HEAR
3456;HEES
3457;HEI
3458;HEI/A
3459;HELE
3460;HEP
3461;HEPA
3462;HEPS
3463;HEQ
3464;HERA
3465;HERAU
3466;HERAW
3467;HES
3468;HESM
3469;HEXO
3470;HFBL
3471;HFC
3472;HFFG
3473;HFRO
3474;HFRO^A
3475;HFWA
3476;HGBL
3477;HGEN
3478;HGH
3479;HGLB
3480;HGSH
3481;HGV
3482;HHC
3483;HHGCU
3484;HHLA
3485;HHR
3486;HI
3487;HIBB
3488;HIE
3489;HIFS
3490;HIG
3491;HIG^G
3492;HIGA
3493;HIHO
3494;HII
3495;HIII
3496;HIIIU
3497;HIIIW
3498;HIL
3499;HIMS
3500;HIMX
3501;HIO
3502;HIPO
3503;HITI
3504;HIVE
3505;HIW
3506;HIX
3507;HKIB
3508;HL
3509;HL^B
3510;HLAH
3511;HLAHU
3512;HLAHW
3513;HLBZ
3514;HLBZW
3515;HLF
3516;HLG
3517;HLI
3518;HLIO
3519;HLIT
3520;HLLY
3521;HLMN
3522;HLMNW
3523;HLNE
3524;HLT
3525;HLTH
3526;HLX
3527;HLXA
3528;HMC
3529;HMCO
3530;HMCOU
3531;HMCOW
3532;HMG
3533;HMHC
3534;HMLP
3535;HMLP^A
3536;HMN
3537;HMNF
3538;HMPT
3539;HMST
3540;HMTV
3541;HMY
3542;HNGR
3543;HNI
3544;HNNA
3545;HNNAZ
3546;HNP
3547;HNRG
3548;HNST
3549;HNW
3550;HOFT
3551;HOFV
3552;HOFVW
3553;HOG
3554;HOLI
3555;HOLX
3556;HOMB
3557;HON
3558;HONE
3559;HOOD
3560;HOOK
3561;HOPE
3562;HOTH
3563;HOV
3564;HOVNP
3565;HOWL
3566;HP
3567;HPE
3568;HPF
3569;HPI
3570;HPK
3571;HPKEW
3572;HPLTU
3573;HPP
3574;HPQ
3575;HPS
3576;HPX
3577;HQH
3578;HQI
3579;HQL
3580;HQY
3581;HR
3582;HRB
3583;HRC
3584;HRI
3585;HRL
3586;HRMY
3587;HROW
3588;HROWL
3589;HRT
3590;HRTG
3591;HRTX
3592;HRZN
3593;HSAQ
3594;HSBC
3595;HSC
3596;HSDT
3597;HSIC
3598;HSII
3599;HSKA
3600;HSON
3601;HST
3602;HSTM
3603;HSTO
3604;HSY
3605;HT
3606;HT^C
3607;HT^D
3608;HT^E
3609;HTA
3610;HTBI
3611;HTBK
3612;HTBX
3613;HTD
3614;HTFB
3615;HTGC
3616;HTGM
3617;HTH
3618;HTHT
3619;HTIA
3620;HTIBP
3621;HTLD
3622;HTLF
3623;HTLFP
3624;HTOO
3625;HTOOW
3626;HTPA
3627;HTY
3628;HUBB
3629;HUBG
3630;HUBS
3631;HUDI
3632;HUGE
3633;HUGS
3634;HUIZ
3635;HUM
3636;HUMA
3637;HUMAW
3638;HUN
3639;HURC
3640;HURN
3641;HUSA
3642;HUSN
3643;HUT
3644;HUYA
3645;HVBC
3646;HVT
3647;HVT/A
3648;HWBK
3649;HWC
3650;HWCPZ
3651;HWEL
3652;HWELU
3653;HWELW
3654;HWKN
3655;HWM
3656;HWM^
3657;HX
3658;HXL
3659;HY
3660;HYAC
3661;HYACU
3662;HYACW
3663;HYB
3664;HYFM
3665;HYI
3666;HYLN
3667;HYMC
3668;HYMCL
3669;HYMCW
3670;HYMCZ
3671;HYRE
3672;HYT
3673;HYW
3674;HYZN
3675;HYZNW
3676;HZN
3677;HZNP
3678;HZO
3679;HZON
3680;IAA
3681;IAC
3682;IACB
3683;IACC
3684;IAE
3685;IAF
3686;IAG
3687;IART
3688;IAS
3689;IBA
3690;IBCP
3691;IBER
3692;IBEX
3693;IBIO
3694;IBKR
3695;IBM
3696;IBN
3697;IBOC
3698;IBP
3699;IBRX
3700;IBTX
3701;ICAD
3702;ICBK
3703;ICCC
3704;ICCH
3705;ICCM
3706;ICD
3707;ICE
3708;ICFI
3709;ICHR
3710;ICL
3711;ICLK
3712;ICLR
3713;ICMB
3714;ICPT
3715;ICR^A
3716;ICUI
3717;ICVX
3718;ID
3719;IDA
3720;IDBA
3721;IDCC
3722;IDE
3723;IDEX
3724;IDN
3725;IDRA
3726;IDT
3727;IDW
3728;IDXX
3729;IDYA
3730;IEA
3731;IEAWW
3732;IEP
3733;IESC
3734;IEX
3735;IFBD
3736;IFF
3737;IFMK
3738;IFN
3739;IFRX
3740;IFS
3741;IGA
3742;IGAC
3743;IGACU
3744;IGACW
3745;IGC
3746;IGD
3747;IGI
3748;IGIC
3749;IGICW
3750;IGMS
3751;IGNY
3752;IGNYU
3753;IGNYW
3754;IGR
3755;IGT
3756;IH
3757;IHC
3758;IHD
3759;IHG
3760;IHIT
3761;IHRT
3762;IHS
3763;IHT
3764;IHTA
3765;IIAC
3766;IIF
3767;III
3768;IIII
3769;IIIIU
3770;IIIIW
3771;IIIN
3772;IIIV
3773;IIM
3774;IIN
3775;IINN
3776;IINNW
3777;IIPR
3778;IIPR^A
3779;IIVI
3780;IIVIP
3781;IKNA
3782;IKNX
3783;IKT
3784;ILMN
3785;ILPT
3786;IMAB
3787;IMAC
3788;IMACW
3789;IMAQ
3790;IMAQR
3791;IMAQU
3792;IMAQW
3793;IMAX
3794;IMBI
3795;IMBIL
3796;IMCC
3797;IMCR
3798;IMGN
3799;IMGO
3800;IMH
3801;IMKTA
3802;IMMP
3803;IMMR
3804;IMNM
3805;IMO
3806;IMOS
3807;IMPL
3808;IMPX
3809;IMRA
3810;IMRN
3811;IMRNW
3812;IMRX
3813;IMTE
3814;IMTX
3815;IMTXW
3816;IMUX
3817;IMV
3818;IMVT
3819;IMXI
3820;INAB
3821;INAQ
3822;INBK
3823;INBKZ
3824;INBX
3825;INCR
3826;INCY
3827;INDB
3828;INDI
3829;INDIW
3830;INDO
3831;INDP
3832;INDT
3833;INFA
3834;INFI
3835;INFN
3836;INFO
3837;INFU
3838;INFY
3839;ING
3840;INGN
3841;INGR
3842;INKA
3843;INKAU
3844;INKAW
3845;INKT
3846;INM
3847;INMB
3848;INMD
3849;INN
3850;INN^E
3851;INN^F
3852;INNV
3853;INO
3854;INOD
3855;INOV
3856;INPX
3857;INS
3858;INSE
3859;INSG
3860;INSI
3861;INSM
3862;INSP
3863;INST
3864;INSW
3865;INSW^A
3866;INT
3867;INTA
3868;INTC
3869;INTG
3870;INTT
3871;INTU
3872;INTZ
3873;INUV
3874;INVA
3875;INVE
3876;INVH
3877;INVO
3878;INVZ
3879;INVZW
3880;INZY
3881;IO
3882;IOACU
3883;IONM
3884;IONQ
3885;IONS
3886;IOR
3887;IOSP
3888;IOVA
3889;IP
3890;IPA
3891;IPAR
3892;IPAXU
3893;IPDN
3894;IPG
3895;IPGP
3896;IPHA
3897;IPI
3898;IPLDP
3899;IPOD
3900;IPOF
3901;IPSC
3902;IPVA
3903;IPVF
3904;IPVI
3905;IPVIU
3906;IPVIW
3907;IPW
3908;IPWR
3909;IQ
3910;IQI
3911;IQV
3912;IR
3913;IRBT
3914;IRCP
3915;IRDM
3916;IRIX
3917;IRL
3918;IRM
3919;IRMD
3920;IRNT
3921;IROQ
3922;IRS
3923;IRT
3924;IRTC
3925;IRWD
3926;IS
3927;ISAA
3928;ISBC
3929;ISD
3930;ISDR
3931;ISEE
3932;ISIG
3933;ISLE
3934;ISLEW
3935;ISO
3936;ISOS
3937;ISPC
3938;ISR
3939;ISRG
3940;ISSC
3941;ISTR
3942;ISUN
3943;IT
3944;ITCB
3945;ITCI
3946;ITGR
3947;ITHX
3948;ITHXW
3949;ITI
3950;ITIC
3951;ITMR
3952;ITOS
3953;ITP
3954;ITQ
3955;ITQRU
3956;ITQRW
3957;ITRG
3958;ITRI
3959;ITRM
3960;ITRN
3961;ITT
3962;ITUB
3963;ITW
3964;IVA
3965;IVAC
3966;IVAN
3967;IVC
3968;IVH
3969;IVR
3970;IVR^B
3971;IVR^C
3972;IVT
3973;IVZ
3974;IX
3975;IXAQU
3976;IZEA
3977;J
3978;JACK
3979;JAGX
3980;JAKK
3981;JAMF
3982;JAN
3983;JANX
3984;JAQC
3985;JAQCU
3986;JAQCW
3987;JATT
3988;JAZZ
3989;JBGS
3990;JBHT
3991;JBI
3992;JBK
3993;JBL
3994;JBLU
3995;JBSS
3996;JBT
3997;JCE
3998;JCI
3999;JCIC
4000;JCICU
4001;JCICW
4002;JCO
4003;JCS
4004;JCTCF
4005;JD
4006;JDD
4007;JEF
4008;JELD
4009;JEMD
4010;JEQ
4011;JFIN
4012;JFR
4013;JFU
4014;JG
4015;JGH
4016;JHAA
4017;JHG
4018;JHI
4019;JHS
4020;JHX
4021;JILL
4022;JJSF
4023;JKHY
4024;JKS
4025;JLL
4026;JLS
4027;JMACU
4028;JMIA
4029;JMM
4030;JMP
4031;JMPNZ
4032;JNCE
4033;JNJ
4034;JNPR
4035;JOAN
4036;JOB
4037;JOBS
4038;JOBY
4039;JOE
4040;JOF
4041;JOFF
4042;JOFFU
4043;JOFFW
4044;JOUT
4045;JP
4046;JPC
4047;JPI
4048;JPM
4049;JPM^C
4050;JPM^D
4051;JPM^J
4052;JPM^K
4053;JPM^L
4054;JPM^M
4055;JPS
4056;JPT
4057;JQC
4058;JRI
4059;JRJC
4060;JRO
4061;JRS
4062;JRSH
4063;JRVR
4064;JSD
4065;JSM
4066;JSPR
4067;JSPRW
4068;JT
4069;JTA
4070;JTD
4071;JUGG
4072;JUGGU
4073;JUGGW
4074;JUPW
4075;JUPWW
4076;JVA
4077;JW/A
4078;JW/B
4079;JWEL
4080;JWN
4081;JWSM
4082;JXN
4083;JYAC
4084;JYNT
4085;JZXN
4086;K
4087;KAHC
4088;KAI
4089;KAII
4090;KAIIU
4091;KAIIW
4092;KAIR
4093;KAIRU
4094;KAIRW
4095;KALA
4096;KALU
4097;KALV
4098;KAMN
4099;KAR
4100;KARO
4101;KAVL
4102;KB
4103;KBAL
4104;KBH
4105;KBNT
4106;KBNTW
4107;KBR
4108;KC
4109;KCGI
4110;KDMN
4111;KDNY
4112;KDP
4113;KE
4114;KELYA
4115;KELYB
4116;KEN
4117;KEP
4118;KEQU
4119;KERN
4120;KERNW
4121;KEX
4122;KEY
4123;KEY^I
4124;KEY^J
4125;KEY^K
4126;KEYS
4127;KF
4128;KFFB
4129;KFRC
4130;KFS
4131;KFY
4132;KGC
4133;KHC
4134;KIDS
4135;KIII
4136;KIIIU
4137;KIIIW
4138;KIM
4139;KIM^L
4140;KIM^M
4141;KINS
4142;KINZ
4143;KINZU
4144;KINZW
4145;KIO
4146;KIQ
4147;KIRK
4148;KKR
4149;KKR^C
4150;KKRS
4151;KL
4152;KLAC
4153;KLAQ
4154;KLAQU
4155;KLAQW
4156;KLDO
4157;KLIC
4158;KLR
4159;KLTR
4160;KLXE
4161;KMB
4162;KMDA
4163;KMF
4164;KMI
4165;KMPH
4166;KMPR
4167;KMT
4168;KMX
4169;KN
4170;KNBE
4171;KNDI
4172;KNOP
4173;KNSA
4174;KNSL
4175;KNTE
4176;KNX
4177;KO
4178;KOD
4179;KODK
4180;KOF
4181;KOP
4182;KOPN
4183;KOR
4184;KORE
4185;KOS
4186;KOSS
4187;KPLT
4188;KPLTW
4189;KPTI
4190;KR
4191;KRA
4192;KRBP
4193;KRC
4194;KREF
4195;KREF^A
4196;KRG
4197;KRKR
4198;KRMD
4199;KRNL
4200;KRNLU
4201;KRNLW
4202;KRNT
4203;KRNY
4204;KRO
4205;KRON
4206;KROS
4207;KRP
4208;KRT
4209;KRTX
4210;KRUS
4211;KRYS
4212;KSI
4213;KSICU
4214;KSICW
4215;KSM
4216;KSPN
4217;KSS
4218;KSU
4219;KSU^
4220;KT
4221;KTB
4222;KTCC
4223;KTF
4224;KTH
4225;KTN
4226;KTOS
4227;KTRA
4228;KTTA
4229;KTTAW
4230;KUKE
4231;KULR
4232;KURA
4233;KVHI
4234;KVSA
4235;KVSB
4236;KVSC
4237;KW
4238;KWAC
4239;KWR
4240;KXIN
4241;KYMR
4242;KYN
4243;KZIA
4244;KZR
4245;L
4246;LAAA
4247;LAAAW
4248;LABP
4249;LAC
4250;LAD
4251;LADR
4252;LAIX
4253;LAKE
4254;LAMR
4255;LANC
4256;LAND
4257;LANDM
4258;LANDO
4259;LARK
4260;LASR
4261;LAUR
4262;LAW
4263;LAWS
4264;LAZ
4265;LAZR
4266;LAZY
4267;LBAI
4268;LBC
4269;LBPH
4270;LBPS
4271;LBPSW
4272;LBRDA
4273;LBRDK
4274;LBRDP
4275;LBRT
4276;LBTYA
4277;LBTYB
4278;LBTYK
4279;LC
4280;LCA
4281;LCAA
4282;LCAAU
4283;LCAAW
4284;LCAHU
4285;LCAHW
4286;LCAP
4287;LCAPU
4288;LCAPW
4289;LCI
4290;LCID
4291;LCII
4292;LCNB
4293;LCTX
4294;LCUT
4295;LDHA
4296;LDHAU
4297;LDHAW
4298;LDI
4299;LDOS
4300;LDP
4301;LE
4302;LEA
4303;LEAP
4304;LECO
4305;LEDS
4306;LEE
4307;LEG
4308;LEGA
4309;LEGAU
4310;LEGAW
4311;LEGH
4312;LEGN
4313;LEJU
4314;LEN
4315;LEO
4316;LESL
4317;LEU
4318;LEV
4319;LEVI
4320;LEVL
4321;LEVLP
4322;LEXX
4323;LEXXW
4324;LFC
4325;LFG
4326;LFMD
4327;LFMDP
4328;LFST
4329;LFT
4330;LFT^A
4331;LFTR
4332;LFTRU
4333;LFTRW
4334;LFUS
4335;LFVN
4336;LGAC
4337;LGACU
4338;LGACW
4339;LGHL
4340;LGHLW
4341;LGI
4342;LGIH
4343;LGL
4344;LGND
4345;LGO
4346;LGV
4347;LGVN
4348;LH
4349;LHAA
4350;LHC
4351;LHCG
4352;LHDX
4353;LHX
4354;LI
4355;LIAN
4356;LICY
4357;LIDR
4358;LIDRW
4359;LIFE
4360;LII
4361;LIII
4362;LILA
4363;LILAK
4364;LILM
4365;LILMW
4366;LIN
4367;LINC
4368;LIND
4369;LINK
4370;LIQT
4371;LITB
4372;LITE
4373;LITT
4374;LITTU
4375;LITTW
4376;LIVE
4377;LIVN
4378;LIXT
4379;LIXTW
4380;LIZI
4381;LJAQ
4382;LJAQU
4383;LJAQW
4384;LJPC
4385;LKCO
4386;LKFN
4387;LKQ
4388;LL
4389;LLL
4390;LLNW
4391;LLY
4392;LMACA
4393;LMACU
4394;LMACW
4395;LMAO
4396;LMAOU
4397;LMAOW
4398;LMAT
4399;LMB
4400;LMDX
4401;LMDXW
4402;LMFA
4403;LMND
4404;LMNL
4405;LMNR
4406;LMPX
4407;LMRK
4408;LMRKN
4409;LMRKO
4410;LMRKP
4411;LMST
4412;LMT
4413;LNC
4414;LND
4415;LNDC
4416;LNFA
4417;LNG
4418;LNN
4419;LNSR
4420;LNT
4421;LNTH
4422;LOAN
4423;LOB
4424;LOCO
4425;LODE
4426;LOGC
4427;LOGI
4428;LOKM
4429;LOMA
4430;LOOP
4431;LOPE
4432;LORL
4433;LOTZ
4434;LOTZW
4435;LOV
4436;LOVE
4437;LOW
4438;LPCN
4439;LPG
4440;LPI
4441;LPL
4442;LPLA
4443;LPRO
4444;LPSN
4445;LPTH
4446;LPTX
4447;LPX
4448;LQDA
4449;LQDT
4450;LRCX
4451;LRFC
4452;LRMR
4453;LRN
4454;LSBK
4455;LSCC
4456;LSEA
4457;LSEAW
4458;LSF
4459;LSI
4460;LSPD
4461;LSTR
4462;LSXMA
4463;LSXMB
4464;LSXMK
4465;LTBR
4466;LTC
4467;LTCH
4468;LTCHW
4469;LTH
4470;LTHM
4471;LTRN
4472;LTRPA
4473;LTRPB
4474;LTRX
4475;LTRY
4476;LTRYW
4477;LU
4478;LUB
4479;LUCD
4480;LULU
4481;LUMN
4482;LUMO
4483;LUNA
4484;LUNG
4485;LUV
4486;LUXA
4487;LUXAU
4488;LUXAW
4489;LVACU
4490;LVO
4491;LVOX
4492;LVOXW
4493;LVRA
4494;LVRAU
4495;LVRAW
4496;LVS
4497;LVTX
4498;LW
4499;LWAY
4500;LWLG
4501;LX
4502;LXEH
4503;LXFR
4504;LXP
4505;LXP^C
4506;LXRX
4507;LXU
4508;LYB
4509;LYEL
4510;LYFT
4511;LYG
4512;LYL
4513;LYLTV
4514;LYRA
4515;LYTS
4516;LYV
4517;LZ
4518;LZB
4519;M
4520;MA
4521;MAA
4522;MAA^I
4523;MAC
4524;MACA
4525;MACAU
4526;MACAW
4527;MACC
4528;MACK
4529;MACQ
4530;MACQU
4531;MACQW
4532;MACU
4533;MACUU
4534;MACUW
4535;MAG
4536;MAIN
4537;MAN
4538;MANH
4539;MANT
4540;MANU
4541;MAPS
4542;MAPSW
4543;MAQC
4544;MAQCU
4545;MAQCW
4546;MAR
4547;MARA
4548;MARK
4549;MARPS
4550;MAS
4551;MASI
4552;MASS
4553;MAT
4554;MATW
4555;MATX
4556;MAV
4557;MAX
4558;MAXN
4559;MAXR
4560;MAYS
4561;MBAC
4562;MBCN
4563;MBI
4564;MBII
4565;MBIN
4566;MBINN
4567;MBINO
4568;MBINP
4569;MBIO
4570;MBNKP
4571;MBOT
4572;MBRX
4573;MBT
4574;MBTC
4575;MBTCR
4576;MBTCU
4577;MBUU
4578;MBWM
4579;MC
4580;MCA
4581;MCAE
4582;MCAER
4583;MCAEU
4584;MCAF
4585;MCAFR
4586;MCAFU
4587;MCB
4588;MCBC
4589;MCBS
4590;MCD
4591;MCF
4592;MCFE
4593;MCFT
4594;MCG
4595;MCHP
4596;MCHX
4597;MCI
4598;MCK
4599;MCMJ
4600;MCMJW
4601;MCN
4602;MCO
4603;MCR
4604;MCRB
4605;MCRI
4606;MCS
4607;MCW
4608;MCY
4609;MD
4610;MDB
4611;MDC
4612;MDGL
4613;MDGS
4614;MDGSW
4615;MDH
4616;MDIA
4617;MDJH
4618;MDLZ
4619;MDNA
4620;MDP
4621;MDRR
4622;MDRRP
4623;MDRX
4624;MDT
4625;MDU
4626;MDVA
4627;MDVL
4628;MDWD
4629;MDWT
4630;MDXG
4631;ME
4632;MEAC
4633;MEACU
4634;MEACW
4635;MEC
4636;MED
4637;MEDP
4638;MEDS
4639;MEG
4640;MEGI
4641;MEI
4642;MEIP
4643;MEKA
4644;MELI
4645;MEOA
4646;MEOAU
4647;MEOAW
4648;MEOH
4649;MER^K
4650;MERC
4651;MESA
4652;MESO
4653;MET
4654;MET^A
4655;MET^E
4656;MET^F
4657;METC
4658;METCL
4659;METX
4660;METXW
4661;MEUSW
4662;MF
4663;MFA
4664;MFA^B
4665;MFA^C
4666;MFC
4667;MFD
4668;MFG
4669;MFGP
4670;MFH
4671;MFIN
4672;MFL
4673;MFM
4674;MFV
4675;MG
4676;MGA
4677;MGEE
4678;MGF
4679;MGI
4680;MGIC
4681;MGLN
4682;MGM
4683;MGNI
4684;MGNX
4685;MGP
4686;MGPI
4687;MGR
4688;MGRB
4689;MGRC
4690;MGRD
4691;MGTA
4692;MGTX
4693;MGU
4694;MGY
4695;MGYR
4696;MH^A
4697;MH^C
4698;MH^D
4699;MHD
4700;MHF
4701;MHH
4702;MHI
4703;MHK
4704;MHLA
4705;MHLD
4706;MHN
4707;MHNC
4708;MHO
4709;MIC
4710;MICT
4711;MIDD
4712;MIGI
4713;MILE
4714;MILEW
4715;MIME
4716;MIMO
4717;MIN
4718;MIND
4719;MINDP
4720;MINM
4721;MIO
4722;MIR
4723;MIRM
4724;MIRO
4725;MIST
4726;MIT
4727;MITA
4728;MITAU
4729;MITC
4730;MITK
4731;MITO
4732;MITQ
4733;MITT
4734;MITT^A
4735;MITT^B
4736;MITT^C
4737;MIXT
4738;MIY
4739;MKC
4740;MKD
4741;MKFG
4742;MKL
4743;MKSI
4744;MKTW
4745;MKTWW
4746;MKTX
4747;MKTY
4748;MKTYP
4749;ML
4750;MLAB
4751;MLAC
4752;MLACU
4753;MLACW
4754;MLCO
4755;MLI
4756;MLKN
4757;MLM
4758;MLNK
4759;MLP
4760;MLR
4761;MLSS
4762;MLVF
4763;MMAT
4764;MMC
4765;MMD
4766;MMI
4767;MMLP
4768;MMM
4769;MMMB
4770;MMP
4771;MMS
4772;MMSI
4773;MMT
4774;MMU
4775;MMX
4776;MMYT
4777;MN
4778;MNDO
4779;MNDT
4780;MNDY
4781;MNKD
4782;MNMD
4783;MNOV
4784;MNP
4785;MNPR
4786;MNR
4787;MNR^C
4788;MNRL
4789;MNRO
4790;MNSB
4791;MNSBP
4792;MNSO
4793;MNST
4794;MNTK
4795;MNTS
4796;MNTSW
4797;MNTV
4798;MNTX
4799;MO
4800;MOD
4801;MODN
4802;MODV
4803;MOFG
4804;MOGO
4805;MOGU
4806;MOH
4807;MOHO
4808;MOLN
4809;MOMO
4810;MON
4811;MONCU
4812;MONCW
4813;MOR
4814;MORF
4815;MORN
4816;MOS
4817;MOSY
4818;MOTN
4819;MOTNU
4820;MOTNW
4821;MOTS
4822;MOTV
4823;MOV
4824;MOVE
4825;MOXC
4826;MP
4827;MPA
4828;MPAA
4829;MPAC
4830;MPACR
4831;MPACU
4832;MPACW
4833;MPB
4834;MPC
4835;MPLN
4836;MPLX
4837;MPV
4838;MPW
4839;MPWR
4840;MPX
4841;MQ
4842;MQT
4843;MQY
4844;MRAI
4845;MRAM
4846;MRBK
4847;MRC
4848;MRCC
4849;MRCY
4850;MREO
4851;MRIN
4852;MRK
4853;MRKR
4854;MRLN
4855;MRM
4856;MRNA
4857;MRNS
4858;MRO
4859;MRSN
4860;MRTN
4861;MRTX
4862;MRUS
4863;MRVI
4864;MRVL
4865;MS
4866;MS^A
4867;MS^E
4868;MS^F
4869;MS^I
4870;MS^K
4871;MS^L
4872;MS^O
4873;MSA
4874;MSAC
4875;MSACW
4876;MSB
4877;MSBI
4878;MSC
4879;MSCI
4880;MSD
4881;MSDA
4882;MSDAU
4883;MSDAW
4884;MSEX
4885;MSFT
4886;MSGE
4887;MSGM
4888;MSGS
4889;MSI
4890;MSM
4891;MSN
4892;MSP
4893;MSTR
4894;MSVB
4895;MT
4896;MTA
4897;MTAC
4898;MTACU
4899;MTACW
4900;MTAL
4901;MTB
4902;MTBC
4903;MTBCP
4904;MTC
4905;MTCH
4906;MTCN
4907;MTCR
4908;MTD
4909;MTDR
4910;MTEM
4911;MTEX
4912;MTG
4913;MTH
4914;MTL
4915;MTL^
4916;MTLS
4917;MTN
4918;MTNB
4919;MTOR
4920;MTP
4921;MTR
4922;MTRN
4923;MTRX
4924;MTRYU
4925;MTSI
4926;MTTR
4927;MTTRW
4928;MTW
4929;MTX
4930;MTZ
4931;MU
4932;MUA
4933;MUC
4934;MUDS
4935;MUDSU
4936;MUDSW
4937;MUE
4938;MUFG
4939;MUI
4940;MUJ
4941;MUR
4942;MUSA
4943;MUX
4944;MVBF
4945;MVF
4946;MVIS
4947;MVO
4948;MVST
4949;MVSTW
4950;MVT
4951;MWA
4952;MX
4953;MXC
4954;MXCT
4955;MXE
4956;MXF
4957;MXL
4958;MYC
4959;MYD
4960;MYE
4961;MYFW
4962;MYGN
4963;MYI
4964;MYJ
4965;MYMD
4966;MYN
4967;MYO
4968;MYOV
4969;MYPS
4970;MYPSW
4971;MYRG
4972;MYSZ
4973;MYTE
4974;NAAC
4975;NAACU
4976;NAACW
4977;NABL
4978;NAC
4979;NAD
4980;NAII
4981;NAK
4982;NAKD
4983;NAN
4984;NAOV
4985;NAPA
4986;NARI
4987;NAT
4988;NATH
4989;NATI
4990;NATR
4991;NAUT
4992;NAVB
4993;NAVI
4994;NAZ
4995;NBB
4996;NBEV
4997;NBH
4998;NBHC
4999;NBIX
5000;NBN
5001;NBO
5002;NBR
5003;NBRV
5004;NBSE
5005;NBST
5006;NBSTU
5007;NBSTW
5008;NBTB
5009;NBTX
5010;NBW
5011;NBXG
5012;NBY
5013;NC
5014;NCA
5015;NCACU
5016;NCBS
5017;NCLH
5018;NCMI
5019;NCNA
5020;NCNO
5021;NCR
5022;NCSM
5023;NCTY
5024;NCV
5025;NCV^A
5026;NCZ
5027;NCZ^A
5028;NDAC
5029;NDACU
5030;NDACW
5031;NDAQ
5032;NDLS
5033;NDMO
5034;NDP
5035;NDRA
5036;NDRAW
5037;NDSN
5038;NE
5039;NEA
5040;NECB
5041;NEE
5042;NEE^K
5043;NEE^N
5044;NEE^O
5045;NEE^P
5046;NEE^Q
5047;NEGG
5048;NEM
5049;NEN
5050;NEO
5051;NEOG
5052;NEON
5053;NEP
5054;NEPH
5055;NEPT
5056;NERV
5057;NES
5058;NESR
5059;NESRW
5060;NET
5061;NETE
5062;NETI
5063;NEU
5064;NEV
5065;NEW
5066;NEWP
5067;NEWR
5068;NEWT
5069;NEWTL
5070;NEWTZ
5071;NEX
5072;NEXA
5073;NEXI
5074;NEXT
5075;NFBK
5076;NFE
5077;NFG
5078;NFGC
5079;NFH
5080;NFJ
5081;NFLX
5082;NG
5083;NGAB
5084;NGC
5085;NGCA
5086;NGCAU
5087;NGCAW
5088;NGD
5089;NGG
5090;NGL
5091;NGL^B
5092;NGL^C
5093;NGM
5094;NGMS
5095;NGS
5096;NGVC
5097;NGVT
5098;NH
5099;NHC
5100;NHF
5101;NHF^A
5102;NHI
5103;NHICU
5104;NHS
5105;NHTC
5106;NI
5107;NI^B
5108;NICE
5109;NICK
5110;NID
5111;NIE
5112;NIM
5113;NIMC
5114;NINE
5115;NIO
5116;NIQ
5117;NISN
5118;NIU
5119;NJR
5120;NKE
5121;NKG
5122;NKLA
5123;NKSH
5124;NKTR
5125;NKTX
5126;NKX
5127;NL
5128;NLIT
5129;NLITW
5130;NLOK
5131;NLS
5132;NLSN
5133;NLSP
5134;NLSPW
5135;NLTX
5136;NLY
5137;NLY^F
5138;NLY^G
5139;NLY^I
5140;NM
5141;NM^G
5142;NM^H
5143;NMCO
5144;NMFC
5145;NMG
5146;NMI
5147;NMIH
5148;NMK^B
5149;NMK^C
5150;NML
5151;NMM
5152;NMMC
5153;NMMCU
5154;NMMCW
5155;NMR
5156;NMRD
5157;NMRK
5158;NMS
5159;NMT
5160;NMTC
5161;NMTR
5162;NMZ
5163;NN
5164;NNAVW
5165;NNBR
5166;NNDM
5167;NNI
5168;NNN
5169;NNOX
5170;NNVC
5171;NNY
5172;NOA
5173;NOAC
5174;NOACU
5175;NOACW
5176;NOAH
5177;NOC
5178;NODK
5179;NOG
5180;NOK
5181;NOM
5182;NOMD
5183;NOTV
5184;NOV
5185;NOVA
5186;NOVN
5187;NOVT
5188;NOVV
5189;NOVVR
5190;NOVVU
5191;NOVVW
5192;NOW
5193;NP
5194;NPCE
5195;NPCT
5196;NPK
5197;NPO
5198;NPTN
5199;NPV
5200;NQP
5201;NR
5202;NRAC
5203;NRACU
5204;NRACW
5205;NRBO
5206;NRC
5207;NRDY
5208;NREF
5209;NREF^A
5210;NRG
5211;NRGX
5212;NRIM
5213;NRIX
5214;NRK
5215;NRO
5216;NRP
5217;NRT
5218;NRUC
5219;NRXP
5220;NRXPW
5221;NRZ
5222;NRZ^A
5223;NRZ^B
5224;NRZ^C
5225;NRZ^D
5226;NS
5227;NS^A
5228;NS^B
5229;NS^C
5230;NSA
5231;NSA^A
5232;NSC
5233;NSEC
5234;NSIT
5235;NSL
5236;NSP
5237;NSPR
5238;NSPRZ
5239;NSR
5240;NSS
5241;NSSC
5242;NSTB
5243;NSTC
5244;NSTD
5245;NSTG
5246;NSYS
5247;NTAP
5248;NTB
5249;NTCO
5250;NTCT
5251;NTES
5252;NTG
5253;NTGR
5254;NTIC
5255;NTIP
5256;NTLA
5257;NTNX
5258;NTP
5259;NTR
5260;NTRA
5261;NTRB
5262;NTRBW
5263;NTRS
5264;NTRSO
5265;NTST
5266;NTUS
5267;NTWK
5268;NTZ
5269;NUAN
5270;NUE
5271;NUO
5272;NURO
5273;NUS
5274;NUV
5275;NUVA
5276;NUVB
5277;NUVL
5278;NUW
5279;NUWE
5280;NUZE
5281;NVAX
5282;NVCN
5283;NVCR
5284;NVDA
5285;NVEC
5286;NVEE
5287;NVEI
5288;NVFY
5289;NVG
5290;NVGS
5291;NVIV
5292;NVMI
5293;NVNO
5294;NVNOW
5295;NVO
5296;NVOS
5297;NVR
5298;NVRO
5299;NVS
5300;NVSA
5301;NVSAU
5302;NVSAW
5303;NVST
5304;NVT
5305;NVTA
5306;NVTS
5307;NVTSW
5308;NVVE
5309;NVVEW
5310;NWBI
5311;NWE
5312;NWFL
5313;NWG
5314;NWL
5315;NWLI
5316;NWN
5317;NWPX
5318;NWS
5319;NWSA
5320;NX
5321;NXC
5322;NXE
5323;NXGN
5324;NXJ
5325;NXN
5326;NXP
5327;NXPI
5328;NXQ
5329;NXR
5330;NXRT
5331;NXST
5332;NXTC
5333;NXTD
5334;NXTP
5335;NXU
5336;NYC
5337;NYCB
5338;NYCB^A
5339;NYCB^U
5340;NYMT
5341;NYMTL
5342;NYMTM
5343;NYMTN
5344;NYMTP
5345;NYMX
5346;NYT
5347;NYXH
5348;NZF
5349;O
5350;OACB
5351;OAK^A
5352;OAK^B
5353;OAS
5354;OB
5355;OBAS
5356;OBCI
5357;OBLG
5358;OBNK
5359;OBSV
5360;OBT
5361;OC
5362;OCA
5363;OCAX
5364;OCAXU
5365;OCAXW
5366;OCC
5367;OCCI
5368;OCCIO
5369;OCCIP
5370;OCDX
5371;OCFC
5372;OCFCP
5373;OCFT
5374;OCG
5375;OCGN
5376;OCN
5377;OCSL
5378;OCUL
5379;OCUP
5380;OCX
5381;ODC
5382;ODFL
5383;ODP
5384;ODT
5385;OEC
5386;OEG
5387;OEPW
5388;OEPWU
5389;OEPWW
5390;OESX
5391;OFC
5392;OFED
5393;OFG
5394;OFIX
5395;OFLX
5396;OFS
5397;OFSSH
5398;OFSSI
5399;OG
5400;OGE
5401;OGEN
5402;OGI
5403;OGN
5404;OGS
5405;OHAAU
5406;OHI
5407;OHPA
5408;OHPAU
5409;OHPAW
5410;OI
5411;OIA
5412;OII
5413;OIIM
5414;OIS
5415;OKE
5416;OKTA
5417;OLB
5418;OLED
5419;OLK
5420;OLLI
5421;OLMA
5422;OLN
5423;OLO
5424;OLP
5425;OLPX
5426;OM
5427;OMAB
5428;OMC
5429;OMCL
5430;OMEG
5431;OMER
5432;OMEX
5433;OMF
5434;OMGA
5435;OMI
5436;OMIC
5437;OMP
5438;OMQS
5439;ON
5440;ONB
5441;ONCR
5442;ONCS
5443;ONCT
5444;ONCY
5445;ONDS
5446;ONEM
5447;ONEW
5448;ONON
5449;ONTF
5450;ONTO
5451;ONTX
5452;ONVO
5453;OOMA
5454;OPA
5455;OPAD
5456;OPBK
5457;OPCH
5458;OPEN
5459;OPFI
5460;OPGN
5461;OPHC
5462;OPI
5463;OPINL
5464;OPK
5465;OPNT
5466;OPOF
5467;OPP
5468;OPP^A
5469;OPRA
5470;OPRT
5471;OPRX
5472;OPT
5473;OPTN
5474;OPTT
5475;OPY
5476;OR
5477;ORA
5478;ORAN
5479;ORC
5480;ORCC
5481;ORCL
5482;ORGN
5483;ORGNW
5484;ORGO
5485;ORGS
5486;ORI
5487;ORIA
5488;ORIAU
5489;ORIC
5490;ORLA
5491;ORLY
5492;ORMP
5493;ORN
5494;ORPH
5495;ORRF
5496;ORTX
5497;OSAT
5498;OSATW
5499;OSBC
5500;OSCR
5501;OSG
5502;OSH
5503;OSI
5504;OSIS
5505;OSK
5506;OSMT
5507;OSPN
5508;OSS
5509;OSTK
5510;OSTR
5511;OSTRU
5512;OSTRW
5513;OSUR
5514;OSW
5515;OTEC
5516;OTECU
5517;OTECW
5518;OTEX
5519;OTIC
5520;OTIS
5521;OTLK
5522;OTLKW
5523;OTLY
5524;OTMO
5525;OTMOW
5526;OTRA
5527;OTRAW
5528;OTRK
5529;OTRKP
5530;OTTR
5531;OUST
5532;OUT
5533;OVBC
5534;OVID
5535;OVLY
5536;OVV
5537;OWL
5538;OWLT
5539;OXAC
5540;OXACU
5541;OXACW
5542;OXBR
5543;OXBRW
5544;OXLC
5545;OXLCL
5546;OXLCM
5547;OXLCO
5548;OXLCP
5549;OXM
5550;OXSQ
5551;OXSQG
5552;OXSQL
5553;OXSQZ
5554;OXUS
5555;OXUSU
5556;OXUSW
5557;OXY
5558;OYST
5559;OZ
5560;OZK
5561;OZON
5562;PAA
5563;PAAS
5564;PAC
5565;PACB
5566;PACK
5567;PACW
5568;PACX
5569;PACXU
5570;PACXW
5571;PAE
5572;PAEWW
5573;PAFOR
5574;PAFOU
5575;PAG
5576;PAGP
5577;PAGS
5578;PAHC
5579;PAI
5580;PAIC
5581;PAICU
5582;PAICW
5583;PALI
5584;PALT
5585;PAM
5586;PANA
5587;PANL
5588;PANW
5589;PAQC
5590;PAQCU
5591;PAQCW
5592;PAR
5593;PARR
5594;PASG
5595;PATH
5596;PATI
5597;PATK
5598;PAVM
5599;PAVMW
5600;PAVMZ
5601;PAX
5602;PAY
5603;PAYA
5604;PAYC
5605;PAYO
5606;PAYOW
5607;PAYS
5608;PAYX
5609;PB
5610;PBA
5611;PBAXU
5612;PBBK
5613;PBC
5614;PBCT
5615;PBCTP
5616;PBF
5617;PBFS
5618;PBFX
5619;PBH
5620;PBHC
5621;PBI
5622;PBI^B
5623;PBIP
5624;PBLA
5625;PBPB
5626;PBR
5627;PBT
5628;PBTS
5629;PBYI
5630;PCAR
5631;PCB
5632;PCCTU
5633;PCF
5634;PCG
5635;PCG^A
5636;PCG^B
5637;PCG^C
5638;PCG^D
5639;PCG^E
5640;PCG^G
5641;PCG^H
5642;PCG^I
5643;PCGU
5644;PCH
5645;PCI
5646;PCK
5647;PCM
5648;PCN
5649;PCOM
5650;PCOR
5651;PCPC
5652;PCQ
5653;PCRX
5654;PCSA
5655;PCSB
5656;PCT
5657;PCTI
5658;PCTTU
5659;PCTTW
5660;PCTY
5661;PCVX
5662;PCXCU
5663;PCYG
5664;PCYO
5665;PD
5666;PDCE
5667;PDCO
5668;PDD
5669;PDEX
5670;PDFS
5671;PDI
5672;PDLB
5673;PDM
5674;PDO
5675;PDOT
5676;PDS
5677;PDSB
5678;PDT
5679;PEAK
5680;PEB
5681;PEB^E
5682;PEB^F
5683;PEB^G
5684;PEB^H
5685;PEBK
5686;PEBO
5687;PECO
5688;PED
5689;PEG
5690;PEGA
5691;PEGRU
5692;PEI
5693;PEI^B
5694;PEI^C
5695;PEI^D
5696;PEN
5697;PENN
5698;PEO
5699;PEP
5700;PEPLU
5701;PERI
5702;PESI
5703;PETQ
5704;PETS
5705;PETV
5706;PETVW
5707;PETZ
5708;PFBC
5709;PFC
5710;PFD
5711;PFDR
5712;PFDRU
5713;PFDRW
5714;PFE
5715;PFG
5716;PFGC
5717;PFH
5718;PFHD
5719;PFIE
5720;PFIN
5721;PFIS
5722;PFL
5723;PFLT
5724;PFMT
5725;PFN
5726;PFO
5727;PFS
5728;PFSI
5729;PFSW
5730;PFTA
5731;PFTAU
5732;PFTAW
5733;PFX
5734;PFXNL
5735;PG
5736;PGC
5737;PGEN
5738;PGNY
5739;PGP
5740;PGR
5741;PGRE
5742;PGRW
5743;PGRWU
5744;PGRWW
5745;PGTI
5746;PGZ
5747;PH
5748;PHAR
5749;PHAS
5750;PHAT
5751;PHCF
5752;PHD
5753;PHG
5754;PHGE
5755;PHI
5756;PHIC
5757;PHICU
5758;PHICW
5759;PHIO
5760;PHIOW
5761;PHK
5762;PHM
5763;PHR
5764;PHT
5765;PHUN
5766;PHUNW
5767;PHVS
5768;PHX
5769;PI
5770;PIAI
5771;PICC
5772;PII
5773;PIM
5774;PINC
5775;PINE
5776;PING
5777;PINS
5778;PIPP
5779;PIPR
5780;PIRS
5781;PIXY
5782;PJT
5783;PK
5784;PKBK
5785;PKE
5786;PKG
5787;PKI
5788;PKO
5789;PKOH
5790;PKX
5791;PLAB
5792;PLAG
5793;PLAN
5794;PLAY
5795;PLBC
5796;PLBY
5797;PLCE
5798;PLD
5799;PLG
5800;PLIN
5801;PLL
5802;PLM
5803;PLMI
5804;PLMIU
5805;PLMIW
5806;PLMR
5807;PLNT
5808;PLOW
5809;PLPC
5810;PLRX
5811;PLSE
5812;PLTK
5813;PLTR
5814;PLUG
5815;PLUS
5816;PLX
5817;PLXP
5818;PLXS
5819;PLYA
5820;PLYM
5821;PLYM^A
5822;PM
5823;PMCB
5824;PMD
5825;PME
5826;PMF
5827;PMGM
5828;PMGMU
5829;PMGMW
5830;PML
5831;PMM
5832;PMO
5833;PMT
5834;PMT^A
5835;PMT^B
5836;PMT^C
5837;PMTS
5838;PMVC
5839;PMVP
5840;PMX
5841;PNBK
5842;PNC
5843;PNC^P
5844;PNF
5845;PNFP
5846;PNFPP
5847;PNI
5848;PNM
5849;PNNT
5850;PNNTG
5851;PNR
5852;PNRG
5853;PNT
5854;PNTG
5855;PNTM
5856;PNW
5857;POAI
5858;PODD
5859;POLA
5860;POLY
5861;POND
5862;PONO
5863;PONOW
5864;POOL
5865;POR
5866;POSH
5867;POST
5868;POW
5869;POWI
5870;POWL
5871;POWRU
5872;POWRW
5873;POWW
5874;POWWP
5875;PPBI
5876;PPBT
5877;PPC
5878;PPD
5879;PPG
5880;PPGH
5881;PPGHU
5882;PPGHW
5883;PPHP
5884;PPHPR
5885;PPHPU
5886;PPHPW
5887;PPIH
5888;PPL
5889;PPSI
5890;PPT
5891;PPTA
5892;PRA
5893;PRAA
5894;PRAX
5895;PRBM
5896;PRCH
5897;PRCT
5898;PRDO
5899;PRE^J
5900;PRFT
5901;PRFX
5902;PRG
5903;PRGO
5904;PRGS
5905;PRI
5906;PRIF^D
5907;PRIF^F
5908;PRIF^G
5909;PRIF^H
5910;PRIF^I
5911;PRIF^J
5912;PRIF^K
5913;PRIM
5914;PRK
5915;PRLB
5916;PRLD
5917;PRMW
5918;PRO
5919;PROC
5920;PROCW
5921;PROF
5922;PROG
5923;PROV
5924;PRPB
5925;PRPC
5926;PRPH
5927;PRPL
5928;PRPO
5929;PRQR
5930;PRS
5931;PRSR
5932;PRSRU
5933;PRSRW
5934;PRT
5935;PRTA
5936;PRTC
5937;PRTG
5938;PRTH
5939;PRTK
5940;PRTS
5941;PRTY
5942;PRU
5943;PRVA
5944;PRVB
5945;PSA
5946;PSA^E
5947;PSA^F
5948;PSA^G
5949;PSA^H
5950;PSA^I
5951;PSA^J
5952;PSA^K
5953;PSA^L
5954;PSA^M
5955;PSA^N
5956;PSA^O
5957;PSA^P
5958;PSA^Q
5959;PSAG
5960;PSAGU
5961;PSAGW
5962;PSB
5963;PSB^W
5964;PSB^X
5965;PSB^Y
5966;PSB^Z
5967;PSEC
5968;PSEC^A
5969;PSF
5970;PSFE
5971;PSHG
5972;PSMT
5973;PSN
5974;PSNL
5975;PSO
5976;PSPC
5977;PSTG
5978;PSTH
5979;PSTI
5980;PSTL
5981;PSTV
5982;PSTX
5983;PSX
5984;PSXP
5985;PT
5986;PTA
5987;PTC
5988;PTCT
5989;PTE
5990;PTEN
5991;PTGX
5992;PTIC
5993;PTICU
5994;PTICW
5995;PTIX
5996;PTIXW
5997;PTLO
5998;PTMN
5999;PTN
6000;PTNR
6001;PTOC
6002;PTOCU
6003;PTOCW
6004;PTON
6005;PTPI
6006;PTR
6007;PTRA
6008;PTRS
6009;PTSI
6010;PTVE
6011;PTY
6012;PUBM
6013;PUCK
6014;PUCKU
6015;PUCKW
6016;PUK
6017;PUK^
6018;PUK^A
6019;PULM
6020;PUMP
6021;PUYI
6022;PV
6023;PVBC
6024;PVG
6025;PVH
6026;PVL
6027;PW
6028;PW^A
6029;PWFL
6030;PWOD
6031;PWP
6032;PWPPW
6033;PWR
6034;PWSC
6035;PX
6036;PXD
6037;PXLW
6038;PXS
6039;PXSAP
6040;PXSAW
6041;PYCR
6042;PYN
6043;PYPD
6044;PYPL
6045;PYR
6046;PYS
6047;PYT
6048;PYXS
6049;PZC
6050;PZG
6051;PZN
6052;PZZA
6053;QADA
6054;QADB
6055;QCOM
6056;QCRH
6057;QD
6058;QDEL
6059;QFIN
6060;QFTA
6061;QGEN
6062;QH
6063;QIPT
6064;QIWI
6065;QK
6066;QLGN
6067;QLI
6068;QLYS
6069;QMCO
6070;QNRX
6071;QNST
6072;QQQX
6073;QRHC
6074;QRTEA
6075;QRTEB
6076;QRTEP
6077;QRVO
6078;QS
6079;QSI
6080;QSIAW
6081;QSR
6082;QTNT
6083;QTRX
6084;QTT
6085;QTWO
6086;QUAD
6087;QUBT
6088;QUIK
6089;QUMU
6090;QUOT
6091;QURE
6092;QVCC
6093;QVCD
6094;R
6095;RA
6096;RAAS
6097;RACB
6098;RACE
6099;RAD
6100;RADA
6101;RADI
6102;RAIL
6103;RAIN
6104;RAM
6105;RAMMU
6106;RAMMW
6107;RAMP
6108;RAND
6109;RANI
6110;RAPT
6111;RARE
6112;RAVE
6113;RAVN
6114;RBA
6115;RBAC
6116;RBB
6117;RBBN
6118;RBCAA
6119;RBCN
6120;RBKB
6121;RBLX
6122;RBNC
6123;RBOT
6124;RC
6125;RC^C
6126;RC^E
6127;RCA
6128;RCAT
6129;RCB
6130;RCC
6131;RCEL
6132;RCG
6133;RCHG
6134;RCHGU
6135;RCHGW
6136;RCI
6137;RCII
6138;RCKT
6139;RCKY
6140;RCL
6141;RCLF
6142;RCLFU
6143;RCLFW
6144;RCM
6145;RCMT
6146;RCON
6147;RCOR
6148;RCRT
6149;RCRTW
6150;RCS
6151;RCUS
6152;RDBX
6153;RDBXW
6154;RDCM
6155;RDFN
6156;RDHL
6157;RDI
6158;RDIB
6159;RDN
6160;RDNT
6161;RDS/B
6162;RDUS
6163;RDVT
6164;RDW
6165;RDWR
6166;RDY
6167;RE
6168;REAL
6169;REAX
6170;REDU
6171;REE
6172;REEAW
6173;REED
6174;REFR
6175;REG
6176;REGI
6177;REGN
6178;REI
6179;REKR
6180;RELI
6181;RELIW
6182;RELL
6183;RELX
6184;RELY
6185;RENN
6186;RENT
6187;REPH
6188;REPL
6189;REPX
6190;RERE
6191;RES
6192;RESN
6193;RETA
6194;RETO
6195;REV
6196;REVE
6197;REVEU
6198;REVEW
6199;REVG
6200;REVH
6201;REVHU
6202;REVHW
6203;REX
6204;REXR
6205;REXR^B
6206;REXR^C
6207;REYN
6208;REZI
6209;RF
6210;RF^B
6211;RF^C
6212;RF^E
6213;RFI
6214;RFIL
6215;RFL
6216;RFM
6217;RFMZ
6218;RFP
6219;RGA
6220;RGC
6221;RGCO
6222;RGEN
6223;RGLD
6224;RGLS
6225;RGNX
6226;RGP
6227;RGR
6228;RGS
6229;RGT
6230;RH
6231;RHE
6232;RHE^A
6233;RHI
6234;RHP
6235;RIBT
6236;RICK
6237;RICO
6238;RICOU
6239;RICOW
6240;RIDE
6241;RIG
6242;RIGL
6243;RILY
6244;RILYK
6245;RILYL
6246;RILYM
6247;RILYN
6248;RILYO
6249;RILYP
6250;RILYT
6251;RILYZ
6252;RIO
6253;RIOT
6254;RIV
6255;RIVE
6256;RJF
6257;RKDA
6258;RKLB
6259;RKLBW
6260;RKLY
6261;RKT
6262;RKTA
6263;RL
6264;RLAY
6265;RLGT
6266;RLGY
6267;RLI
6268;RLJ
6269;RLJ^A
6270;RLMD
6271;RLX
6272;RLYB
6273;RM
6274;RMAX
6275;RMBI
6276;RMBL
6277;RMBS
6278;RMCF
6279;RMD
6280;RMED
6281;RMGC
6282;RMGCU
6283;RMGCW
6284;RMI
6285;RMM
6286;RMNI
6287;RMO
6288;RMPL^
6289;RMR
6290;RMT
6291;RMTI
6292;RNA
6293;RNAZ
6294;RNDB
6295;RNG
6296;RNGR
6297;RNLX
6298;RNP
6299;RNR
6300;RNR^F
6301;RNR^G
6302;RNST
6303;RNW
6304;RNWK
6305;RNWWW
6306;RNXT
6307;ROAD
6308;ROCC
6309;ROCG
6310;ROCGU
6311;ROCGW
6312;ROCK
6313;ROCR
6314;ROCRU
6315;ROCRW
6316;ROG
6317;ROIC
6318;ROIV
6319;ROIVW
6320;ROK
6321;ROKU
6322;ROL
6323;ROLL
6324;ROLLP
6325;RONI
6326;ROOT
6327;ROP
6328;ROSEU
6329;ROSS
6330;ROST
6331;ROVR
6332;ROVRW
6333;RPAY
6334;RPD
6335;RPHM
6336;RPID
6337;RPM
6338;RPRX
6339;RPT
6340;RPT^D
6341;RPTX
6342;RQI
6343;RRBI
6344;RRC
6345;RRD
6346;RRGB
6347;RRR
6348;RRX
6349;RS
6350;RSF
6351;RSG
6352;RSI
6353;RSKD
6354;RSLS
6355;RSSS
6356;RSVR
6357;RSVRW
6358;RTLR
6359;RTPY
6360;RTPYU
6361;RTPYW
6362;RTX
6363;RUBY
6364;RUN
6365;RUSHA
6366;RUSHB
6367;RUTH
6368;RVAC
6369;RVACU
6370;RVACW
6371;RVI
6372;RVLV
6373;RVMD
6374;RVNC
6375;RVP
6376;RVPH
6377;RVPHW
6378;RVSB
6379;RVT
6380;RWAY
6381;RWLK
6382;RWT
6383;RXDX
6384;RXRA
6385;RXRAU
6386;RXRAW
6387;RXRX
6388;RXST
6389;RXT
6390;RY
6391;RY^T
6392;RYAAY
6393;RYAM
6394;RYAN
6395;RYB
6396;RYI
6397;RYN
6398;RYTM
6399;RZA
6400;RZB
6401;RZLT
6402;S
6403;SA
6404;SABR
6405;SABRP
6406;SABS
6407;SABSW
6408;SACC
6409;SACH
6410;SACH^A
6411;SAFE
6412;SAFM
6413;SAFT
6414;SAGE
6415;SAH
6416;SAIA
6417;SAIC
6418;SAIL
6419;SAK
6420;SAL
6421;SALM
6422;SAM
6423;SAMAU
6424;SAMG
6425;SAN
6426;SANA
6427;SANBU
6428;SAND          
6429;SANM
6430;SANW
6431;SAP
6432;SAR
6433;SASR
6434;SATS
6435;SAVA
6436;SAVE
6437;SB
6438;SB^C
6439;SB^D
6440;SBAC
6441;SBBA
6442;SBCF
6443;SBEA
6444;SBEAU
6445;SBEAW
6446;SBET
6447;SBEV
6448;SBFG
6449;SBGI
6450;SBH
6451;SBI
6452;SBII
6453;SBLK
6454;SBNY
6455;SBNYP
6456;SBOW
6457;SBR
6458;SBRA
6459;SBS
6460;SBSI
6461;SBSW
6462;SBT
6463;SBTX
6464;SBUX
6465;SC
6466;SCAQ
6467;SCAQU
6468;SCAQW
6469;SCCB
6470;SCCC
6471;SCCO
6472;SCD
6473;SCE^G
6474;SCE^H
6475;SCE^J
6476;SCE^K
6477;SCE^L
6478;SCHL
6479;SCHN
6480;SCHW
6481;SCHW^D
6482;SCHW^J
6483;SCI
6484;SCKT
6485;SCL
6486;SCLE
6487;SCLEU
6488;SCLEW
6489;SCM
6490;SCMAU
6491;SCOA
6492;SCOAU
6493;SCOAW
6494;SCOB
6495;SCOBU
6496;SCOBW
6497;SCOR
6498;SCPH
6499;SCPL
6500;SCPS
6501;SCS
6502;SCSC
6503;SCU
6504;SCVL
6505;SCVX
6506;SCWX
6507;SCX
6508;SCYX
6509;SD
6510;SDAC
6511;SDACU
6512;SDACW
6513;SDC
6514;SDGR
6515;SDH
6516;SDHY
6517;SDIG
6518;SDPI
6519;SE
6520;SEAC
6521;SEAH
6522;SEAS
6523;SEAT
6524;SEATW
6525;SEB
6526;SECO
6527;SEDG
6528;SEE
6529;SEED
6530;SEEL
6531;SEER
6532;SEIC
6533;SELB
6534;SELF
6535;SEM
6536;SEMR
6537;SENEA
6538;SENEB
6539;SENS
6540;SERA
6541;SESN
6542;SEVN
6543;SF
6544;SF^B
6545;SF^C
6546;SF^D
6547;SFB
6548;SFBC
6549;SFBS
6550;SFE
6551;SFET
6552;SFIX
6553;SFL
6554;SFM
6555;SFNC
6556;SFST
6557;SFT
6558;SFUN
6559;SGA
6560;SGBX
6561;SGC
6562;SGEN
6563;SGFY
6564;SGH
6565;SGHT
6566;SGLB
6567;SGLBW
6568;SGMA
6569;SGML
6570;SGMO
6571;SGMS
6572;SGOC
6573;SGRP
6574;SGRY
6575;SGTX
6576;SGU
6577;SHAC
6578;SHACU
6579;SHACW
6580;SHAK
6581;SHBI
6582;SHC
6583;SHCR
6584;SHCRW
6585;SHEN
6586;SHG
6587;SHI
6588;SHIP
6589;SHIPW
6590;SHIPZ
6591;SHLS
6592;SHLX
6593;SHO
6594;SHO^H
6595;SHO^I
6596;SHOO
6597;SHOP
6598;SHPW
6599;SHQA
6600;SHQAU
6601;SHQAW
6602;SHW
6603;SHYF
6604;SI
6605;SI^A
6606;SIBN
6607;SID
6608;SIEB
6609;SIEN
6610;SIERU
6611;SIF
6612;SIFY
6613;SIG
6614;SIGA
6615;SIGI
6616;SIGIP
6617;SII
6618;SILC
6619;SILK
6620;SILV
6621;SIM
6622;SIMO
6623;SINO
6624;SINT
6625;SIOX
6626;SIRI
6627;SISI
6628;SITC
6629;SITC^A
6630;SITE
6631;SITM
6632;SIVB
6633;SIVBP
6634;SIX
6635;SJ
6636;SJI
6637;SJIJ
6638;SJIV
6639;SJM
6640;SJR
6641;SJT
6642;SJW
6643;SKE
6644;SKIL
6645;SKIN
6646;SKINW
6647;SKLZ
6648;SKM
6649;SKT
6650;SKX
6651;SKY
6652;SKYA
6653;SKYAU
6654;SKYAW
6655;SKYT
6656;SKYW
6657;SLAB
6658;SLAC
6659;SLAM
6660;SLAMU
6661;SLAMW
6662;SLB
6663;SLCA
6664;SLCR
6665;SLCRU
6666;SLCRW
6667;SLDB
6668;SLF
6669;SLG
6670;SLG^I
6671;SLGC
6672;SLGCW
6673;SLGG
6674;SLGL
6675;SLGN
6676;SLHG
6677;SLI
6678;SLM
6679;SLMBP
6680;SLN
6681;SLNG
6682;SLNO
6683;SLP
6684;SLQT
6685;SLRC
6686;SLRX
6687;SLS
6688;SLVM
6689;SLVR
6690;SLVRU
6691;SM
6692;SMAPU
6693;SMAR
6694;SMBC
6695;SMBK
6696;SMCI
6697;SMED
6698;SMFG
6699;SMFR
6700;SMFRW
6701;SMG
6702;SMHI
6703;SMID
6704;SMIH
6705;SMIHU
6706;SMIHW
6707;SMIT
6708;SMLP
6709;SMLR
6710;SMM
6711;SMMF
6712;SMMT
6713;SMP
6714;SMPL
6715;SMRT
6716;SMSI
6717;SMTC
6718;SMTI
6719;SMTS
6720;SMWB
6721;SNA
6722;SNAP
6723;SNAX
6724;SNAXW
6725;SNBR
6726;SNCE
6727;SNCR
6728;SNCRL
6729;SNCY
6730;SND
6731;SNDL
6732;SNDR
6733;SNDX
6734;SNES
6735;SNEX
6736;SNFCA
6737;SNGX
6738;SNGXW
6739;SNII
6740;SNMP
6741;SNN
6742;SNOA
6743;SNOW
6744;SNP
6745;SNPO
6746;SNPS
6747;SNPX
6748;SNRH
6749;SNRHU
6750;SNRHW
6751;SNSE
6752;SNT
6753;SNTG
6754;SNV
6755;SNV^D
6756;SNV^E
6757;SNX
6758;SNY
6759;SO
6760;SOFI
6761;SOFIW
6762;SOHO
6763;SOHOB
6764;SOHON
6765;SOHOO
6766;SOHU
6767;SOI
6768;SOJC
6769;SOJD
6770;SOJE
6771;SOL
6772;SOLN
6773;SOLO
6774;SOLOW
6775;SOLY
6776;SON
6777;SONM
6778;SONN
6779;SONO
6780;SONX
6781;SONY
6782;SOPH
6783;SOR
6784;SOS
6785;SOTK
6786;SOVO
6787;SP
6788;SPAQ
6789;SPB
6790;SPCB
6791;SPCE
6792;SPE
6793;SPFI
6794;SPG
6795;SPG^J
6796;SPGI
6797;SPGS
6798;SPH
6799;SPI
6800;SPIR
6801;SPK
6802;SPKAU
6803;SPKB
6804;SPKBU
6805;SPKBW
6806;SPLK
6807;SPLP
6808;SPLP^A
6809;SPNE
6810;SPNS
6811;SPNT
6812;SPNT^B
6813;SPOK
6814;SPOT
6815;SPPI
6816;SPR
6817;SPRB
6818;SPRO
6819;SPSC
6820;SPT
6821;SPTK
6822;SPTKU
6823;SPTKW
6824;SPTN
6825;SPWH
6826;SPWR
6827;SPXC
6828;SPXX
6829;SQ
6830;SQFT
6831;SQFTP
6832;SQL
6833;SQLLW
6834;SQM
6835;SQNS
6836;SQSP
6837;SQZ
6838;SR
6839;SR^A
6840;SRAD
6841;SRAX
6842;SRC
6843;SRC^A
6844;SRCE
6845;SRCL
6846;SRDX
6847;SRE
6848;SREA
6849;SREV
6850;SRG
6851;SRG^A
6852;SRGA
6853;SRI
6854;SRL
6855;SRLP
6856;SRNE
6857;SRPT
6858;SRRA
6859;SRRK
6860;SRSA
6861;SRSAU
6862;SRSAW
6863;SRT
6864;SRTS
6865;SRV
6866;SRZN
6867;SRZNW
6868;SSAA
6869;SSAAU
6870;SSAAW
6871;SSB
6872;SSBI
6873;SSBK
6874;SSD
6875;SSKN
6876;SSL
6877;SSNC
6878;SSNT
6879;SSP
6880;SSRM
6881;SSSS
6882;SSTI
6883;SSTK
6884;SSY
6885;SSYS
6886;ST
6887;STAA
6888;STAB
6889;STAF
6890;STAG
6891;STAR          
6892;STAR^D
6893;STAR^G
6894;STAR^I
6895;STBA
6896;STC
6897;STCN
6898;STE
6899;STEM
6900;STEP
6901;STER
6902;STFC
6903;STG
6904;STGW
6905;STIM
6906;STK
6907;STKL
6908;STKS
6909;STL
6910;STL^A
6911;STLA
6912;STLD
6913;STM
6914;STN
6915;STNE
6916;STNG
6917;STOK
6918;STON
6919;STOR
6920;STRA
6921;STRC
6922;STRCW
6923;STRE
6924;STRL
6925;STRM
6926;STRO
6927;STRR
6928;STRRP
6929;STRS
6930;STRT
6931;STSA
6932;STT
6933;STT^D
6934;STT^G
6935;STTK
6936;STVN
6937;STWD
6938;STX
6939;STXB
6940;STXS
6941;STZ
6942;STZ/B
6943;SU
6944;SUI
6945;SUM
6946;SUMO
6947;SUMR
6948;SUN
6949;SUNL
6950;SUNS
6951;SUNW
6952;SUP
6953;SUPN
6954;SUPV
6955;SURF
6956;SURG
6957;SURGW
6958;SUZ
6959;SV
6960;SVC
6961;SVFA
6962;SVFAU
6963;SVFAW
6964;SVFB
6965;SVFC
6966;SVFD
6967;SVM
6968;SVOK
6969;SVOKU
6970;SVOKW
6971;SVRA
6972;SVSVU
6973;SVSVW
6974;SVT
6975;SVVC
6976;SWAG
6977;SWAGU
6978;SWAGW
6979;SWAV
6980;SWBI
6981;SWBK
6982;SWCH
6983;SWET
6984;SWETU
6985;SWETW
6986;SWI
6987;SWIM
6988;SWIR
6989;SWK
6990;SWKH
6991;SWKS
6992;SWM
6993;SWN
6994;SWSS
6995;SWSSU
6996;SWSSW
6997;SWT
6998;SWTX
6999;SWX
7000;SWZ
7001;SXC
7002;SXI
7003;SXT
7004;SXTC
7005;SY
7006;SYBT
7007;SYBX
7008;SYF
7009;SYF^A
7010;SYK
7011;SYN
7012;SYNA
7013;SYNH
7014;SYNL
7015;SYPR
7016;SYRS
7017;SYTA
7018;SYTAW
7019;SYY
7020;SZC
7021;T
7022;T^A
7023;T^C
7024;TA
7025;TAC
7026;TACA
7027;TACO
7028;TACT
7029;TAIT
7030;TAK
7031;TAL
7032;TALK
7033;TALKW
7034;TALO
7035;TALS
7036;TANH
7037;TANNI
7038;TANNL
7039;TANNZ
7040;TAOP
7041;TAP
7042;TARA
7043;TARO
7044;TARS
7045;TASK
7046;TAST
7047;TATT
7048;TAYD
7049;TBB
7050;TBBK
7051;TBC
7052;TBCP
7053;TBCPU
7054;TBCPW
7055;TBI
7056;TBK
7057;TBKCP
7058;TBLA
7059;TBLAW
7060;TBLD
7061;TBLT
7062;TBLTW
7063;TBNK
7064;TBPH
7065;TBSA
7066;TBSAU
7067;TBSAW
7068;TC
7069;TCAC
7070;TCACU
7071;TCACW
7072;TCBC
7073;TCBI
7074;TCBIO
7075;TCBK
7076;TCBS
7077;TCDA
7078;TCFC
7079;TCI
7080;TCMD
7081;TCN
7082;TCOM
7083;TCON
7084;TCPC
7085;TCRR
7086;TCRX
7087;TCS
7088;TCVA
7089;TCX
7090;TD
7091;TDC
7092;TDCX
7093;TDF
7094;TDG
7095;TDOC
7096;TDS
7097;TDS^U
7098;TDS^V
7099;TDUP
7100;TDW
7101;TDY
7102;TEAF
7103;TEAM
7104;TECH
7105;TECK
7106;TECTP
7107;TEDU
7108;TEF
7109;TEI
7110;TEKK
7111;TEKKU
7112;TEKKW
7113;TEL
7114;TELA
7115;TELL
7116;TEN
7117;TENB
7118;TENX
7119;TEO
7120;TER
7121;TERN
7122;TESS
7123;TETC
7124;TETCU
7125;TETCW
7126;TEVA
7127;TEX
7128;TFC
7129;TFC^I
7130;TFC^O
7131;TFC^R
7132;TFFP
7133;TFII
7134;TFSA
7135;TFSL
7136;TFX
7137;TG
7138;TGA
7139;TGB
7140;TGH
7141;TGH^A
7142;TGH^B
7143;TGI
7144;TGLS
7145;TGNA
7146;TGP
7147;TGP^A
7148;TGP^B
7149;TGS
7150;TGT
7151;TGTX
7152;TH
7153;THACU
7154;THC
7155;THCA
7156;THCAU
7157;THCAW
7158;THCPU
7159;THCPW
7160;THFF
7161;THG
7162;THM
7163;THMA
7164;THMAU
7165;THMAW
7166;THMO
7167;THO
7168;THQ
7169;THR
7170;THRM
7171;THRN
7172;THRX
7173;THRY
7174;THS
7175;THTX
7176;THW
7177;THWWW
7178;TIG
7179;TIGO
7180;TIGR
7181;TIL
7182;TILE
7183;TIMB
7184;TINV
7185;TIOA
7186;TIOAU
7187;TIOAW
7188;TIPT
7189;TIRX
7190;TISI
7191;TITN
7192;TIXT
7193;TJX
7194;TK
7195;TKAT
7196;TKC
7197;TKNO
7198;TKR
7199;TLGA
7200;TLIS
7201;TLK
7202;TLMD
7203;TLMDW
7204;TLRY
7205;TLS
7206;TLSA
7207;TLYS
7208;TM
7209;TMAC
7210;TMBR
7211;TMC
7212;TMCI
7213;TMCWW
7214;TMDI
7215;TMDX
7216;TME
7217;TMHC
7218;TMKR
7219;TMKRU
7220;TMKRW
7221;TMO
7222;TMP
7223;TMPM
7224;TMPMU
7225;TMPMW
7226;TMQ
7227;TMST
7228;TMUS
7229;TMX
7230;TNC
7231;TNDM
7232;TNET
7233;TNGX
7234;TNK
7235;TNL
7236;TNP
7237;TNP^D
7238;TNP^E
7239;TNP^F
7240;TNXP
7241;TNYA
7242;TOL
7243;TOMZ
7244;TOPS
7245;TOST
7246;TOUR
7247;TOWN
7248;TPB
7249;TPBA
7250;TPBAU
7251;TPBAW
7252;TPC
7253;TPGS
7254;TPGY
7255;TPH
7256;TPHS
7257;TPIC
7258;TPL
7259;TPR
7260;TPST
7261;TPTA
7262;TPTX
7263;TPVG
7264;TPX
7265;TPZ
7266;TR
7267;TRC
7268;TRCA
7269;TRDA
7270;TREB
7271;TREC
7272;TREE
7273;TREX
7274;TRGP
7275;TRHC
7276;TRI
7277;TRIB
7278;TRIL
7279;TRIN
7280;TRIP
7281;TRIT
7282;TRITW
7283;TRKA
7284;TRKAW
7285;TRMB
7286;TRMD
7287;TRMK
7288;TRMR
7289;TRN
7290;TRNO
7291;TRNS
7292;TRON
7293;TRONU
7294;TROW
7295;TROX
7296;TRP
7297;TRQ
7298;TRS
7299;TRST
7300;TRT
7301;TRTL
7302;TRTN
7303;TRTN^A
7304;TRTN^B
7305;TRTN^C
7306;TRTN^D
7307;TRTN^E
7308;TRTX
7309;TRTX^C
7310;TRU
7311;TRUE
7312;TRUP
7313;TRV
7314;TRVG
7315;TRVI
7316;TRVN
7317;TRX
7318;TS
7319;TSBK
7320;TSC
7321;TSCAP
7322;TSCBP
7323;TSCO
7324;TSE
7325;TSEM
7326;TSHA
7327;TSI
7328;TSIB
7329;TSIBU
7330;TSLA
7331;TSLX
7332;TSM
7333;TSN
7334;TSP
7335;TSPQ
7336;TSQ
7337;TSRI
7338;TT
7339;TTC
7340;TTCF
7341;TTD
7342;TTE
7343;TTEC
7344;TTEK
7345;TTGT
7346;TTI
7347;TTM
7348;TTMI
7349;TTNP
7350;TTOO
7351;TTP
7352;TTSH
7353;TTWO
7354;TU
7355;TUEM
7356;TUFN
7357;TUGC
7358;TUGCU
7359;TUGCW
7360;TUP
7361;TURN
7362;TUSK
7363;TUYA
7364;TV
7365;TVAC
7366;TVACW
7367;TVC
7368;TVE
7369;TVTX
7370;TVTY
7371;TW
7372;TWCB
7373;TWCBU
7374;TWCBW
7375;TWI
7376;TWIN
7377;TWKS
7378;TWLO
7379;TWLV
7380;TWLVU
7381;TWLVW
7382;TWN
7383;TWND
7384;TWNI
7385;TWNK
7386;TWNKW
7387;TWNT
7388;TWO
7389;TWO^A
7390;TWO^B
7391;TWO^C
7392;TWOA
7393;TWOU
7394;TWST
7395;TWTR
7396;TX
7397;TXG
7398;TXMD
7399;TXN
7400;TXRH
7401;TXT
7402;TY
7403;TY^
7404;TYG
7405;TYL
7406;TYME
7407;TYRA
7408;TZOO
7409;TZPS
7410;TZPSU
7411;TZPSW
7412;U
7413;UA
7414;UAA
7415;UAL
7416;UAMY
7417;UAN
7418;UAVS
7419;UBA
7420;UBCP
7421;UBER
7422;UBFO
7423;UBOH
7424;UBP
7425;UBP^H
7426;UBP^K
7427;UBS
7428;UBSI
7429;UBX
7430;UCBI
7431;UCBIO
7432;UCL
7433;UCTT
7434;UDMY
7435;UDR
7436;UE
7437;UEC
7438;UEIC
7439;UEPS
7440;UFAB
7441;UFCS
7442;UFI
7443;UFPI
7444;UFPT
7445;UFS
7446;UG
7447;UGI
7448;UGIC
7449;UGP
7450;UGRO
7451;UHAL
7452;UHS
7453;UHT
7454;UI
7455;UIHC
7456;UIS
7457;UK
7458;UKOMW
7459;UL
7460;ULBI
7461;ULCC
7462;ULH
7463;ULTA
7464;UMBF
7465;UMC
7466;UMH
7467;UMH^C
7468;UMH^D
7469;UMPQ
7470;UNAM
7471;UNB
7472;UNCY
7473;UNF
7474;UNFI
7475;UNH
7476;UNIT
7477;UNM
7478;UNMA
7479;UNP
7480;UNTY
7481;UNVR
7482;UONE
7483;UONEK
7484;UP
7485;UPC
7486;UPH
7487;UPLD
7488;UPS
7489;UPST
7490;UPTD
7491;UPTDU
7492;UPTDW
7493;UPWK
7494;URBN
7495;URG
7496;URGN
7497;URI
7498;UROY
7499;USA
7500;USAC
7501;USAK
7502;USAP
7503;USAS
7504;USAU
7505;USB
7506;USB^A
7507;USB^H
7508;USB^M
7509;USB^P
7510;USB^Q
7511;USB^R
7512;USCB
7513;USCTU
7514;USDP
7515;USEG
7516;USFD
7517;USIO
7518;USLM
7519;USM
7520;USNA
7521;USPH
7522;USWS
7523;USWSW
7524;USX
7525;UTF
7526;UTG
7527;UTHR
7528;UTI
7529;UTL
7530;UTMD
7531;UTME
7532;UTRS
7533;UTSI
7534;UTZ
7535;UUU
7536;UUUU
7537;UVE
7538;UVSP
7539;UVV
7540;UWMC
7541;UXIN
7542;UZD
7543;UZE
7544;UZF
7545;V
7546;VABK
7547;VAC
7548;VACC
7549;VAL
7550;VALE
7551;VALN
7552;VALU
7553;VAPO
7554;VAQC
7555;VATE
7556;VBF
7557;VBFC
7558;VBIV
7559;VBLT
7560;VBNK
7561;VBTX
7562;VC
7563;VCEL
7564;VCF
7565;VCIF
7566;VCKA
7567;VCKAU
7568;VCKAW
7569;VCNX
7570;VCRA
7571;VCTR
7572;VCV
7573;VCXA
7574;VCXAU
7575;VCXAW
7576;VCYT
7577;VEC
7578;VECO
7579;VECT
7580;VEDL
7581;VEEE
7582;VEEV
7583;VEL
7584;VELO
7585;VELOU
7586;VELOW
7587;VENA
7588;VENAR
7589;VENAW
7590;VEON
7591;VERA
7592;VERB
7593;VERBW
7594;VERI
7595;VERO
7596;VERU
7597;VERV
7598;VERX
7599;VERY
7600;VET
7601;VEV
7602;VFC
7603;VFF
7604;VFL
7605;VG
7606;VGFC
7607;VGI
7608;VGII
7609;VGM
7610;VGR
7611;VGZ
7612;VHAQ
7613;VHC
7614;VHI
7615;VIA
7616;VIAC
7617;VIACA
7618;VIACP
7619;VIAO
7620;VIASP
7621;VIAV
7622;VICI
7623;VICR
7624;VIEW
7625;VIEWW
7626;VII
7627;VIIAU
7628;VIIAW
7629;VINC
7630;VINO
7631;VINP
7632;VIOT
7633;VIPS
7634;VIR
7635;VIRC
7636;VIRI
7637;VIRT
7638;VIRX
7639;VISL
7640;VIST
7641;VITL
7642;VIV
7643;VIVE
7644;VIVO
7645;VJET
7646;VKI
7647;VKQ
7648;VKTX
7649;VLAT
7650;VLATU
7651;VLATW
7652;VLCN
7653;VLD
7654;VLDR
7655;VLDRW
7656;VLGEA
7657;VLN
7658;VLO
7659;VLON
7660;VLRS
7661;VLT
7662;VLTA
7663;VLY
7664;VLYPO
7665;VLYPP
7666;VMAC
7667;VMACU
7668;VMACW
7669;VMAR
7670;VMC
7671;VMD
7672;VMEO
7673;VMI
7674;VMM
7675;VMO
7676;VMW
7677;VNCE
7678;VNDA
7679;VNE
7680;VNET
7681;VNO
7682;VNO^L
7683;VNO^M
7684;VNO^N
7685;VNO^O
7686;VNOM
7687;VNRX
7688;VNT
7689;VNTR
7690;VOC
7691;VOD
7692;VOLT
7693;VOR
7694;VOSO
7695;VOSOU
7696;VOSOW
7697;VOXX
7698;VOYA
7699;VOYA^B
7700;VPCB
7701;VPCBU
7702;VPCBW
7703;VPCC
7704;VPG
7705;VPV
7706;VQS
7707;VRA
7708;VRAR
7709;VRAY
7710;VRCA
7711;VRDN
7712;VREX
7713;VRM
7714;VRME
7715;VRMEW
7716;VRNA
7717;VRNS
7718;VRNT
7719;VRPX
7720;VRRM
7721;VRS
7722;VRSK
7723;VRSN
7724;VRT
7725;VRTS
7726;VRTV
7727;VRTX
7728;VS
7729;VSACU
7730;VSAT
7731;VSCO
7732;VSEC
7733;VSH
7734;VSSYW
7735;VST
7736;VSTA
7737;VSTM
7738;VSTO
7739;VTAQ
7740;VTAQR
7741;VTAQW
7742;VTEX
7743;VTGN
7744;VTIQ
7745;VTIQU
7746;VTIQW
7747;VTN
7748;VTNR
7749;VTOL
7750;VTR
7751;VTRS
7752;VTRU
7753;VTSI
7754;VTVT
7755;VTYX
7756;VUZI
7757;VVI
7758;VVNT
7759;VVOS
7760;VVPR
7761;VVR
7762;VVV
7763;VWE
7764;VWTR
7765;VXRT
7766;VYGG
7767;VYGR
7768;VYNE
7769;VYNT
7770;VZ
7771;VZIO
7772;W
7773;WAB
7774;WABC
7775;WAFD
7776;WAFDP
7777;WAFU
7778;WAL
7779;WAL^A
7780;WALA
7781;WALD
7782;WALDW
7783;WARR
7784;WASH
7785;WAT
7786;WATT
7787;WAVC
7788;WAVE
7789;WB
7790;WBA
7791;WBK
7792;WBS
7793;WBS^F
7794;WBT
7795;WBX
7796;WCC
7797;WCC^A
7798;WCN
7799;WD
7800;WDAY
7801;WDC
7802;WDFC
7803;WDH
7804;WDI
7805;WE
7806;WEA
7807;WEBR
7808;WEC
7809;WEI
7810;WELL
7811;WEN
7812;WERN
7813;WES
7814;WETF
7815;WEX
7816;WEYS
7817;WF
7818;WFC
7819;WFC^A
7820;WFC^C
7821;WFC^D
7822;WFC^L
7823;WFC^Q
7824;WFC^R
7825;WFC^Y
7826;WFC^Z
7827;WFCF
7828;WFG
7829;WFRD
7830;WGO
7831;WH
7832;WHD
7833;WHF
7834;WHFBZ
7835;WHG
7836;WHLM
7837;WHLR
7838;WHLRD
7839;WHLRL
7840;WHLRP
7841;WHR
7842;WIA
7843;WILC
7844;WIMI
7845;WINA
7846;WING
7847;WINT
7848;WINV
7849;WINVR
7850;WINVU
7851;WINVW
7852;WIRE
7853;WISA
7854;WISH
7855;WIT
7856;WIW
7857;WIX
7858;WK
7859;WKEY
7860;WKHS
7861;WKME
7862;WKSP
7863;WKSPW
7864;WLDN
7865;WLFC
7866;WLK
7867;WLKP
7868;WLL
7869;WLMS
7870;WLTW
7871;WM
7872;WMB
7873;WMC
7874;WMG
7875;WMK
7876;WMPN
7877;WMS
7878;WMT
7879;WNC
7880;WNEB
7881;WNS
7882;WNW
7883;WOLF
7884;WOOF
7885;WOR
7886;WORX
7887;WOW
7888;WPC
7889;WPCA
7890;WPCB
7891;WPM
7892;WPP
7893;WPRT
7894;WQGA
7895;WRAC
7896;WRAP
7897;WRB
7898;WRB^E
7899;WRB^F
7900;WRB^G
7901;WRB^H
7902;WRBY
7903;WRE
7904;WRK
7905;WRLD
7906;WRN
7907;WSBC
7908;WSBCP
7909;WSBF
7910;WSC
7911;WSFS
7912;WSM
7913;WSO
7914;WSO/B
7915;WSR
7916;WST
7917;WSTG
7918;WTBA
7919;WTER
7920;WTFC
7921;WTFCM
7922;WTFCP
7923;WTI
7924;WTM
7925;WTRG
7926;WTRH
7927;WTRU
7928;WTS
7929;WTT
7930;WTTR
7931;WU
7932;WVE
7933;WVFC
7934;WVVI
7935;WVVIP
7936;WW
7937;WWACU
7938;WWD
7939;WWE
7940;WWR
7941;WWW
7942;WY
7943;WYNN
7944;WYY
7945;X
7946;XAIR
7947;XBIO
7948;XBIT
7949;XCUR
7950;XEL
7951;XELA
7952;XELB
7953;XENE
7954;XENT
7955;XERS
7956;XFINU
7957;XFLT
7958;XFLT^A
7959;XFOR
7960;XGN
7961;XHR
7962;XIN
7963;XL
7964;XLNX
7965;XLO
7966;XLRN
7967;XM
7968;XMTR
7969;XNCR
7970;XNET
7971;XOM
7972;XOMA
7973;XOMAO
7974;XOMAP
7975;XONE
7976;XOS
7977;XOSWW
7978;XP
7979;XPAX
7980;XPAXW
7981;XPDI
7982;XPDIU
7983;XPDIW
7984;XPEL
7985;XPER
7986;XPEV
7987;XPL
7988;XPO
7989;XPOA
7990;XPOF
7991;XPRO
7992;XRAY
7993;XRTX
7994;XRX
7995;XSPA
7996;XTLB
7997;XTNT
7998;XXII
7999;XYF
8000;XYL
8001;Y
8002;YAC
8003;YALA
8004;YCBD
8005;YCBD^A
8006;YELL
8007;YELP
8008;YETI
8009;YEXT
8010;YGMZ
8011;YI
8012;YJ
8013;YMAB
8014;YMM
8015;YMTX
8016;YNDX
8017;YORW
8018;YOU
8019;YPF
8020;YQ
8021;YRD
8022;YSAC
8023;YSACU
8024;YSACW
8025;YSG
8026;YTEN
8027;YTPG
8028;YTRA
8029;YUM
8030;YUMC
8031;YVR
8032;YY
8033;Z
8034;ZBH
8035;ZBRA
8036;ZCMD
8037;ZD
8038;ZDGE
8039;ZEAL
8040;ZEN
8041;ZENV
8042;ZEPP
8043;ZEST
8044;ZETA
8045;ZEUS
8046;ZEV
8047;ZG
8048;ZGNX
8049;ZGYH
8050;ZGYHR
8051;ZGYHU
8052;ZGYHW
8053;ZH
8054;ZI
8055;ZIM
8056;ZION
8057;ZIONL
8058;ZIONO
8059;ZIONP
8060;ZIOP
8061;ZIP
8062;ZIVO
8063;ZIVOW
8064;ZIXI
8065;ZKIN
8066;ZLAB
8067;ZM
8068;ZME
8069;ZNGA
8070;ZNH
8071;ZNTE
8072;ZNTEU
8073;ZNTEW
8074;ZNTL
8075;ZOM
8076;ZS
8077;ZSAN
8078;ZT
8079;ZTAQU
8080;ZTAQW
8081;ZTO
8082;ZTR
8083;ZTS
8084;ZUMZ
8085;ZUO
8086;ZVIA
8087;ZVO
8088;ZWRK
8089;ZWRKU
8090;ZWRKW
8091;ZWS
8092;ZY
8093;ZYME
8094;ZYNE
8095;ZYXI
8096;RRRP3.SA
8097;TTEN3.SA
8098;ABCB4.SA
8099;EALT4.SA
8100;AERI3.SA
8101;AESB3.SA
8102;AGXY3.SA
8103;RPAD3.SA
8104;ALSO3.SA
8105;AALR3.SA
8106;ALLD3.SA
8107;ALPA3.SA
8108;ALPA4.SA
8109;APER3.SA
8110;AVLL3.SA
8111;ALUP3.SA
8112;ALUP4.SA
8113;ALUP11.SA
8114;ABEV3.SA
8115;AMBP3.SA
8116;AMER3.SA
8117;ANIM3.SA
8118;ARZZ3.SA
8119;ARML3.SA
8120;ASAI3.SA
8121;ATMP3.SA
8122;ATOM3.SA
8123;AURA33.SA
8124;AZEV3.SA
8125;AZEV4.SA
8126;AZUL4.SA
8127;BLUT3.SA
8128;BLUT4.SA
8129;B3SA3.SA
8130;BMGB4.SA
8131;BIDI3.SA
8132;BIDI4.SA
8133;BIDI11.SA
8134;BPAN4.SA
8135;BEES3.SA
8136;BRSR3.SA
8137;BRSR6.SA
8138;BBSE3.SA
8139;BMOB3.SA
8140;BIOM3.SA
8141;BKBR3.SA
8142;BLAU3.SA
8143;SOJA3.SA
8144;BOAS3.SA
8145;BOBR4.SA
8146;BBRK3.SA
8147;BRML3.SA
8148;BRBI11.SA
8149;BRPR3.SA
8150;BBDC3.SA
8151;BBDC4.SA
8152;BRAP3.SA
8153;BRAP4.SA
8154;BBAS3.SA
8155;AGRO3.SA
8156;BRKM3.SA
8157;BRKM5.SA
8158;BRFS3.SA
8159;BRIT3.SA
8160;BPAC3.SA
8161;BPAC5.SA
8162;BPAC11.SA
8163;CXSE3.SA
8164;CAMB3.SA
8165;CAML3.SA
8166;CRFB3.SA
8167;CBAV3.SA
8168;CCRO3.SA
8169;CEAB3.SA
8170;CEBR3.SA
8171;CEBR6.SA
8172;CLSC4.SA
8173;CMIG3.SA
8174;CMIG4.SA
8175;CESP3.SA
8176;CESP6.SA
8177;CIEL3.SA
8178;CLSA3.SA
8179;COCE5.SA
8180;COGN3.SA
8181;CGAS5.SA
8182;CSMG3.SA
8183;CPLE3.SA
8184;CPLE6.SA
8185;CPLE11.SA
8186;CSAN3.SA
8187;CTNM4.SA
8188;CPFE3.SA
8189;CRPG5.SA
8190;CSED3.SA
8191;CMIN3.SA
8192;CARD3.SA
8193;CURY3.SA
8194;CVCB3.SA
8195;CYRE3.SA
8196;DMVF3.SA
8197;DASA3.SA
8198;DESK3.SA
8199;DXCO3.SA
8200;DEXP3.SA
8201;DEXP4.SA
8202;PNVL3.SA
8203;DIRR3.SA
8204;DMMO3.SA
8205;DOTZ3.SA
8206;ECOR3.SA
8207;ELET3.SA
8208;ELET6.SA
8209;ELMD3.SA
8210;EMAE4.SA
8211;EMBR3.SA
8212;ENAT3.SA
8213;ENBR3.SA
8214;ENGI3.SA
8215;ENGI4.SA
8216;ENGI11.SA
8217;ENMT3.SA
8218;ENEV3.SA
8219;EGIE3.SA
8220;ENJU3.SA
8221;EQMA3B.SA
8222;EQTL3.SA
8223;ESPA3.SA
8224;ALPK3.SA
8225;ETER3.SA
8226;EUCA3.SA
8227;EUCA4.SA
8228;EVEN3.SA
8229;EZTC3.SA
8230;FHER3.SA
8231;FESA3.SA
8232;FESA4.SA
8233;FLRY3.SA
8234;POWE3.SA
8235;FRAS3.SA
8236;G2DI33.SA
8237;GFSA3.SA
8238;GEPA4.SA
8239;GGBR3.SA
8240;GGBR4.SA
8241;GOAU3.SA
8242;GOAU4.SA
8243;GETT3.SA
8244;GETT4.SA
8245;GETT11.SA
8246;NINJ3.SA
8247;GOLL4.SA
8248;GPIV33.SA
8249;GGPS3.SA
8250;CGRA3.SA
8251;CGRA4.SA
8252;GRND3.SA
8253;GMAT3.SA
8254;NTCO3.SA
8255;SBFG3.SA
8256;SOMA3.SA
8257;GUAR3.SA
8258;HAGA3.SA
8259;HAGA4.SA
8260;HAPV3.SA
8261;HBRE3.SA
8262;HBOR3.SA
8263;HETA4.SA
8264;HBSA3.SA
8265;HOOT4.SA
8266;HYPE3.SA
8267;IGBR3.SA
8268;IGTA3.SA
8269;PARD3.SA
8270;MEAL3.SA
8271;ROMI3.SA
8272;INEP3.SA
8273;INEP4.SA
8274;IFCM3.SA
8275;INTB3.SA
8276;GNDI3.SA
8277;MYPK3.SA
8278;RANI3.SA
8279;IRBR3.SA
8280;ITSA3.SA
8281;ITSA4.SA
8282;ITUB3.SA
8283;ITUB4.SA
8284;JALL3.SA
8285;JBSS3.SA
8286;JPSA3.SA
8287;JHSF3.SA
8288;JSLG3.SA
8289;KEPL3.SA
8290;KLBN3.SA
8291;KLBN4.SA
8292;KLBN11.SA
8293;KRSA3.SA
8294;LAVV3.SA
8295;LLIS3.SA
8296;LIGT3.SA
8297;RENT3.SA
8298;LCAM3.SA
8299;LWSA3.SA
8300;LOGG3.SA
8301;LOGN3.SA
8302;LAME3.SA
8303;LAME4.SA
8304;AMAR3.SA
8305;LREN3.SA
8306;LPSB3.SA
8307;LUPA3.SA
8308;MDIA3.SA
8309;MGLU3.SA
8310;MGEL4.SA
8311;POMO3.SA
8312;POMO4.SA
8313;MRFG3.SA
8314;MATD3.SA
8315;CASH3.SA
8316;MELK3.SA
8317;BMEB4.SA
8318;LEVE3.SA
8319;MTSA4.SA
8320;MILS3.SA
8321;BEEF3.SA
8322;MNPR3.SA
8323;MTRE3.SA
8324;MBLY3.SA
8325;MODL3.SA
8326;MODL4.SA
8327;MODL11.SA
8328;MOAR3.SA
8329;MOSI3.SA
8330;MDNE3.SA
8331;MOVI3.SA
8332;MRVE3.SA
8333;MLAS3.SA
8334;MULT3.SA
8335;NEOE3.SA
8336;NGRD3.SA
8337;OPCT3.SA
8338;ODPV3.SA
8339;OIBR3.SA
8340;OIBR4.SA
8341;OMGE3.SA
8342;ONCO3.SA
8343;ORVR3.SA
8344;OFSA3.SA
8345;PCAR3.SA
8346;PDTC3.SA
8347;PGMN3.SA
8348;PMAM3.SA
8349;PDGR3.SA
8350;RPMG3.SA
8351;PETR3.SA
8352;PETR4.SA
8353;RECV3.SA
8354;PRIO3.SA
8355;PTNT3.SA
8356;PTNT4.SA
8357;PETZ3.SA
8358;PINE4.SA
8359;PLPL3.SA
8360;PSSA3.SA
8361;PTBL3.SA
8362;POSI3.SA
8363;PRNR3.SA
8364;PFRM3.SA
8365;QUAL3.SA
8366;LJQQ3.SA
8367;RADL3.SA
8368;RAIZ4.SA
8369;RAPT3.SA
8370;RAPT4.SA
8371;RCSL3.SA
8372;RCSL4.SA
8373;RDOR3.SA
8374;RNEW3.SA
8375;RNEW4.SA
8376;RNEW11.SA
8377;RSUL4.SA
8378;RDNI3.SA
8379;RSID3.SA
8380;RAIL3.SA
8381;SBSP3.SA
8382;SAPR3.SA
8383;SAPR4.SA
8384;SAPR11.SA
8385;SANB3.SA
8386;SANB4.SA
8387;SANB11.SA
8388;CTSA4.SA
8389;STBP3.SA
8390;SCAR3.SA
8391;SMTO3.SA
8392;SLED4.SA
8393;SHUL4.SA
8394;SEQL3.SA
8395;SEER3.SA
8396;CSNA3.SA
8397;SIMH3.SA
8398;SQIA3.SA
8399;SLCE3.SA
8400;SMFT3.SA
8401;SGPS3.SA
8402;SULA3.SA
8403;SULA4.SA
8404;SULA11.SA
8405;SUZB3.SA
8406;SYNE3.SA
8407;TAEE3.SA
8408;TAEE4.SA
8409;TAEE11.SA
8410;TASA3.SA
8411;TASA4.SA
8412;TRAD3.SA
8413;TECN3.SA
8414;TCSA3.SA
8415;TCNO3.SA
8416;TCNO4.SA
8417;TGMA3.SA
8418;TELB3.SA
8419;TELB4.SA
8420;VIVT3.SA
8421;TEND3.SA
8422;LAND3.SA
8423;TIMS3.SA
8424;SHOW3.SA
8425;TOTS3.SA
8426;TFCO4.SA
8427;TRPL4.SA
8428;TRIS3.SA
8429;TPIS3.SA
8430;TUPY3.SA
8431;UGPA3.SA
8432;UCAS3.SA
8433;FIQE3.SA
8434;UNIP3.SA
8435;UNIP6.SA
8436;USIM3.SA
8437;USIM5.SA
8438;VALE3.SA
8439;VLID3.SA
8440;VAMO3.SA
8441;VIIA3.SA
8442;VBBR3.SA
8443;VITT3.SA
8444;VIVA3.SA
8445;VVEO3.SA
8446;VIVR3.SA
8447;VULC3.SA
8448;LVTC3.SA
8449;WEGE3.SA
8450;WEST3.SA
8451;MWET4.SA
8452;WHRL4.SA
8453;PORT3.SA
8454;WIZS3.SA
8455;WLMM4.SA
8456;YDUQ3.SA
